date,datetime,open_price,high_price,low_price,close_price,volume_btc,volume_usdt,trade_count,taker_buy_volume_btc,taker_buy_volume_usdt,price_change,price_change_abs,high_low_ratio,volume_ratio,ma_7,ma_30,ma_90
2024-12-26,2024-12-26 00:00:00+00:00,99429.61,99963.7,95199.14,95791.6,21192.36727,2049123567.3867724,5203490,10071.87249,973940616.1292444,,,1.0500483512771228,0.47529618595490636,,,
2024-12-27,2024-12-27 00:00:00+00:00,95791.6,97544.58,93500.01,94299.03,26501.26429,2528567849.7794614,5718866,12945.51657,1235623739.0578184,-0.01558142885179914,-1492.570000000007,1.0432574285286174,0.4886654471880547,,,
2024-12-28,2024-12-28 00:00:00+00:00,94299.03,95733.99,94135.66,95300.0,8385.8929,794651624.8349556,2732061,4203.59876,398416342.12816703,0.01061484937862045,1000.9700000000012,1.016979006680359,0.5013723368537952,,,
2024-12-29,2024-12-29 00:00:00+00:00,95300.0,95340.0,93009.52,93738.2,13576.00578,1278370863.9768472,2865838,5651.38589,532195414.1027413,-0.01638824763903468,-1561.800000000003,1.0250563598220912,0.41630752788525693,,,
2024-12-30,2024-12-30 00:00:00+00:00,93738.19,95024.5,91530.45,92792.05,27619.4225,2573126059.769478,5560563,13092.19646,1220209278.2523272,-0.010093537106537043,-946.1499999999942,1.0381736351126867,0.47421278627975333,,,
2024-12-31,2024-12-31 00:00:00+00:00,92792.05,96250.0,92033.73,93576.0,19612.03389,1845718801.922704,3347847,9687.96775,911716321.6054019,0.008448460832582105,783.9499999999971,1.0458122255829467,0.4939627426754594,,,
2025-01-01,2025-01-01 00:00:00+00:00,93576.0,95151.15,92888.0,94591.79,10373.32613,975444194.1379983,1516556,5347.73648,502914035.6405907,0.010855240659998211,1015.7899999999936,1.0243642881750064,0.515574380023879,94298.38142857143,,
2025-01-02,2025-01-02 00:00:00+00:00,94591.78,97839.5,94392.0,96984.79,21970.48948,2118411852.6812797,3569079,10915.96986,1052226710.3336716,0.025298178626284695,2393.0,1.0365232223069751,0.49670544894368174,94468.83714285714,,
2025-01-03,2025-01-03 00:00:00+00:00,96984.79,98976.91,96100.01,98174.18,15253.82936,1486610768.5907917,2851164,7468.60797,727787246.8965588,0.012263675572221189,1189.3899999999994,1.0299365213385514,0.48956139850006114,95022.43000000001,,
2025-01-04,2025-01-04 00:00:00+00:00,98174.17,98778.43,97514.79,98220.5,8990.05651,881223751.6353604,1559982,4350.80221,426524714.1305539,0.0004718144831972193,46.320000000006985,1.0129584445600508,0.4840140921519835,95439.64428571428,,
2025-01-05,2025-01-05 00:00:00+00:00,98220.51,98836.85,97276.79,98363.61,8095.63723,793931715.9546323,1685799,3877.90985,380355340.4686036,0.0014570278098766654,143.11000000000058,1.0160373301791723,0.4790781534798117,96100.41714285714,,
2025-01-06,2025-01-06 00:00:00+00:00,98363.61,102480.0,97920.0,102235.6,25263.43375,2540561688.7771435,3853702,12539.59534,1260943259.4662561,0.039364049367443865,3871.9900000000052,1.0465686274509804,0.4963245982321295,97449.49571428572,,
2025-01-07,2025-01-07 00:00:00+00:00,102235.6,102724.38,96181.81,96954.61,32059.87537,3170421659.717236,4480562,14815.11453,1464336049.7055345,-0.05165509861535522,-5280.990000000005,1.0680229452949577,0.46187422585175497,97932.15428571428,,
2025-01-08,2025-01-08 00:00:00+00:00,96954.6,97268.65,92500.9,95060.61,33704.67894,3205849081.112962,5171208,15803.85091,1503791328.6993084,-0.01953491432743626,-1894.0,1.0515427417462966,0.4690773928064147,97999.12857142856,,
2025-01-09,2025-01-09 00:00:00+00:00,95060.61,95382.32,91203.67,92552.49,34544.83685,3217669887.2453976,6027161,15323.62663,1427812152.272761,-0.026384429891623817,-2508.1199999999953,1.0458166869820043,0.44374103071682447,97365.94285714287,,
2025-01-10,2025-01-10 00:00:00+00:00,92552.49,95836.0,92206.02,94726.11,31482.86424,2962085343.283704,5531444,15617.43823,1469711545.6571271,0.02348526765730452,2173.6199999999953,1.039368145377059,0.4961746119130506,96873.36142857143,,
2025-01-11,2025-01-11 00:00:00+00:00,94726.1,95050.94,93831.73,94599.99,7047.9043,665685994.93301,1496191,3412.37671,322346977.43545526,-0.0013314174940783907,-126.11999999999534,1.0129935790377094,0.48423277624744687,96356.14571428571,,
2025-01-12,2025-01-12 00:00:00+00:00,94599.99,95450.1,93711.19,94545.06,8606.86622,813278829.6583949,1658863,4028.33031,380691769.9184427,-0.0005806554525006336,-54.93000000000757,1.018556055045294,0.4680950198572688,95810.63857142857,,
2025-01-13,2025-01-13 00:00:00+00:00,94545.07,95940.0,89256.69,94536.1,42619.56423,3930666134.3474574,5740963,19473.88042,1797888178.849608,-9.476962625010188e-05,-8.959999999991851,1.0748774125502525,0.457400378815964,94710.70999999999,,
2025-01-14,2025-01-14 00:00:00+00:00,94536.11,97371.0,94346.22,96560.86,27846.61753,2676048470.3569503,4532923,14248.69616,1369464111.693496,0.021417849900725594,2024.7599999999948,1.0320604259502923,0.5117486199757911,94654.46,,
2025-01-15,2025-01-15 00:00:00+00:00,96560.85,100681.94,96500.0,100497.35,30509.99179,3006242382.8867946,3487945,15494.17873,1527728226.3083327,0.04076693186038316,3936.4900000000052,1.0433361658031088,0.5081853130023755,95431.13714285716,,
2025-01-16,2025-01-16 00:00:00+00:00,100497.35,100866.66,97335.13,99987.3,27832.85317,2765162040.639799,3762755,13513.53707,1342462621.6273284,-0.005075258203325772,-510.0500000000029,1.036282172736606,0.4854914836443767,96493.25285714286,,
2025-01-17,2025-01-17 00:00:00+00:00,99987.3,105865.22,99950.77,104077.48,39171.85292,4040993985.475047,3886907,20673.213,2131223293.2048464,0.04090699518838892,4090.179999999993,1.0591736311786293,0.5274007585424075,97829.16285714286,,
2025-01-18,2025-01-18 00:00:00+00:00,104077.47,104988.88,102277.55,104556.23,24307.82998,2521522119.379525,3403162,11607.51274,1204170928.374812,0.0045999384304846735,478.75,1.0265095321505062,0.4775571545139267,99251.48285714285,,
2025-01-19,2025-01-19 00:00:00+00:00,104556.23,106422.43,99651.6,101331.57,43397.28298,4513423971.410252,5271920,21079.51082,2193270771.0019445,-0.030841395103859304,-3224.659999999989,1.067945020451252,0.4859438831572123,100220.9842857143,,
2025-01-20,2025-01-20 00:00:00+00:00,101331.57,109588.0,99550.0,102260.01,89529.231732,9398787064.320717,11597937,44770.529492,4704453254.515383,0.009162396279856155,928.4399999999878,1.1008337518834757,0.5005383378004414,101324.40000000001,,
2025-01-21,2025-01-21 00:00:00+00:00,102260.0,107240.81,100119.04,106143.82,45941.02002,4768512258.156501,6842980,23227.02741,2411854258.5127187,0.03797975376689289,3883.810000000012,1.0711330232491243,0.5057875764893467,102693.39428571428,,
2025-01-22,2025-01-22 00:00:00+00:00,106143.82,106394.46,103339.12,103706.66,22248.69254,2331144640.658579,4364035,10501.59306,1100173331.9876585,-0.022960922265658046,-2437.1600000000035,1.0295661507471712,0.471945546749448,103151.86714285714,,
2025-01-23,2025-01-23 00:00:00+00:00,103706.66,106850.0,101262.28,103910.34,53953.12031,5610760848.131639,6961383,27045.92646,2813824950.5718837,0.0019640011547956693,203.67999999999302,1.0551806654955824,0.5015050590703535,103712.30142857145,,
2025-01-24,2025-01-24 00:00:00+00:00,103910.35,107120.0,102750.0,104870.5,23609.24017,2483818574.373748,4798886,11893.4605,1251601023.3484685,0.009240273874573157,960.1600000000035,1.0425304136253042,0.5039019501108443,103825.59,98164.81466666666,
2025-01-25,2025-01-25 00:00:00+00:00,104870.51,105286.52,104106.09,104746.85,9068.32377,949511531.3578016,1770765,4462.60438,467284996.37609667,-0.0011790732379457491,-123.64999999999418,1.0113387218749643,0.49213198675731623,103852.82142857143,98463.323,
2025-01-26,2025-01-26 00:00:00+00:00,104746.86,105500.0,102520.44,102620.0,9812.51238,1024352365.4715524,1813011,4642.17247,484871090.3361497,-0.020304667873067395,-2126.850000000006,1.0290630824448275,0.4733440432023049,104036.88285714286,98740.68866666667,
2025-01-27,2025-01-27 00:00:00+00:00,102620.01,103260.0,97777.77,102082.83,50758.1341,5092886322.829244,9368910,23529.22433,2361569760.8418937,-0.0052345546677060595,-537.1699999999983,1.056068265823612,0.4636996805241815,104011.57142857143,98966.78300000001,
2025-01-28,2025-01-28 00:00:00+00:00,102082.83,103800.0,100272.68,101335.52,22022.05765,2253977324.0362086,5428644,10756.64741,1101357650.2919877,-0.0073206238502596666,-747.3099999999977,1.0351772785967226,0.48862854055682375,103324.67142857143,99220.027,
2025-01-29,2025-01-29 00:00:00+00:00,101335.52,104782.68,101328.01,103733.24,23155.35802,2380383694.772136,5189699,11675.17182,1200636637.8143668,0.023661199942527578,2397.720000000001,1.0340939292106892,0.5043878600123324,103328.46857142857,99584.73333333334,
2025-01-30,2025-01-30 00:00:00+00:00,103733.25,106457.44,103278.54,104722.94,19374.07472,2038112603.5126407,3990075,10140.92834,1066933244.9920208,0.00954081835292131,989.6999999999971,1.0307798696612094,0.5234908233986609,103444.55428571429,99956.298,
2025-01-31,2025-01-31 00:00:00+00:00,104722.94,106012.0,101560.0,102429.56,21983.18193,2282174002.1952176,4331904,10697.39968,1111485874.1292844,-0.021899499765762886,-2293.3800000000047,1.043836155966916,0.4870294171523069,103095.84857142856,100217.557,
2025-02-01,2025-02-01 00:00:00+00:00,102429.56,102783.71,100279.51,100635.65,12290.95747,1250354228.2372296,2588786,5625.89331,572540016.1490111,-0.01751359666096397,-1793.9100000000035,1.0249722002032122,0.4579022513933413,102508.53428571428,100339.25233333334,
2025-02-02,2025-02-02 00:00:00+00:00,100635.66,101456.6,96150.0,97700.59,34619.49939,3412084312.583628,7202339,15587.16669,1536076091.303013,-0.029165211334154395,-2935.0599999999977,1.0551908476339054,0.4501870266329665,101805.76142857142,100323.466,
2025-02-03,2025-02-03 00:00:00+00:00,97700.59,102500.01,91231.0,101328.52,75164.7385,7228589180.71162,10625262,36736.56946,3537845694.4812655,0.03713314320824468,3627.9300000000076,1.1235217195909284,0.4894240917607357,101698.00285714286,100427.06666666667,
2025-02-04,2025-02-04 00:00:00+00:00,101328.51,101732.31,96150.0,97763.13,40267.98697,3989698644.2649302,6618911,19091.58154,1891457194.3598328,-0.03518644109279401,-3565.3899999999994,1.0580583463338533,0.4740852287374498,101187.66142857143,100407.05066666666,
2025-02-05,2025-02-05 00:00:00+00:00,97763.14,99149.0,96155.0,96612.43,26233.30444,2562342153.829685,4471763,11032.55174,1078316288.1425588,-0.011770285996367091,-1150.7000000000116,1.0311372263532839,0.4208322789877627,100170.40285714286,100219.61166666666,
2025-02-06,2025-02-06 00:00:00+00:00,96612.44,99120.0,95676.64,96554.35,23515.20405,2289071921.21756,4242807,11261.53049,1096611639.3760087,-0.0006011648811647952,-58.079999999987194,1.0359895581617415,0.47906386392294736,99003.46142857142,100206.26966666666,
2025-02-07,2025-02-07 00:00:00+00:00,96554.35,100137.99,95620.34,96506.8,31794.22065,3107592434.6738343,5012456,15249.3537,1491114588.559852,-0.0004924687494659574,-47.55000000000291,1.0472457010715504,0.47982952073197327,98157.35285714285,100254.47600000001,
2025-02-08,2025-02-08 00:00:00+00:00,96506.8,96880.0,95688.0,96444.74,10147.24294,977040267.5158632,1757892,4450.52682,428452764.9047411,-0.0006430634939713631,-62.05999999999767,1.0124571524120056,0.438521091862557,97558.65142857144,100384.21766666666,
2025-02-09,2025-02-09 00:00:00+00:00,96444.75,97323.09,94713.0,96462.75,14120.91613,1359495152.3107975,2293192,6663.72875,641795598.1752762,0.00018673905907151678,18.00999999999476,1.0275578854011593,0.4720837710118982,97381.81714285715,100442.10566666667,
2025-02-10,2025-02-10 00:00:00+00:00,96462.75,98345.0,95256.0,97430.82,20572.87537,1999112052.6687863,3475919,9607.62329,933665618.5050192,0.010035687350816946,968.070000000007,1.0324284034601494,0.46704016278556715,96825.00285714286,100536.46666666666,
2025-02-11,2025-02-11 00:00:00+00:00,97430.82,98478.42,94876.88,95778.2,18647.76379,1806534846.3863196,3716586,8594.50066,832320054.8763715,-0.016961983897908373,-1652.62000000001,1.0379601437146753,0.46072737348039144,96541.44142857144,100577.57133333333,
2025-02-12,2025-02-12 00:00:00+00:00,95778.21,98119.99,94088.23,97869.99,29151.16625,2800142168.3943653,4992737,13820.70553,1328044257.0401335,0.021839938524633062,2091.790000000008,1.042850843298891,0.47427743920647064,96721.09285714287,100688.70100000002,
2025-02-13,2025-02-13 00:00:00+00:00,97870.0,98083.91,95217.36,96608.14,19921.77616,1916988246.3921185,3909456,8852.16215,851823567.0939348,-0.0128931248485874,-1261.8500000000058,1.030105329532346,0.44435513295249224,96728.77714285713,100690.277,
2025-02-14,2025-02-14 00:00:00+00:00,96608.13,98826.0,96252.82,97500.48,18173.02646,1768073218.8690155,3499564,9061.31682,881925349.6444213,0.009236695789816451,892.3399999999965,1.0267335544039125,0.49880589798682834,96870.73142857142,100590.38133333335,
2025-02-15,2025-02-15 00:00:00+00:00,97500.47,97972.26,97223.58,97569.66,7349.37683,717245393.778092,1694327,3579.14202,349322778.2339769,0.0007095349684433927,69.18000000000757,1.0077006010270346,0.4870338398325826,97031.43428571428,100509.79333333332,
2025-02-16,2025-02-16 00:00:00+00:00,97569.67,97704.47,96046.18,96118.12,8191.4249,794694242.2949731,1596701,3719.73063,360842416.66441673,-0.014876960727340904,-1451.5400000000081,1.0172655487183353,0.4540644658785384,96982.20142857141,100244.48133333333,
2025-02-17,2025-02-17 00:00:00+00:00,96118.12,97046.59,95205.0,95780.0,16492.0451,1584593526.1754677,2831237,8010.41565,769979077.1361973,-0.0035177550289164916,-338.11999999999534,1.019343416837351,0.48591582914932013,96746.37,99951.94033333333,
2025-02-18,2025-02-18 00:00:00+00:00,95780.01,96753.91,93388.09,95671.74,23368.19471,2223994802.892005,4234248,11432.47367,1088319233.5219896,-0.0011302986009604776,-108.25999999999476,1.036041212535774,0.4893533168813063,96731.16142857142,99763.27933333334,
2025-02-19,2025-02-19 00:00:00+00:00,95671.74,96899.99,95029.99,96644.37,16438.50954,1576817572.1032505,2784225,7173.61807,688586919.9759259,0.01016632497746972,972.6299999999901,1.0196779984928968,0.43669409331698966,96556.07285714286,99576.09133333333,
2025-02-20,2025-02-20 00:00:00+00:00,96644.37,98711.36,96415.09,98305.0,17057.39177,1663386824.7315507,2386973,8356.42859,815056614.173827,0.017182894357943512,1660.6300000000047,1.023816500093502,0.489998238566887,96798.48142857144,99314.79733333334,
2025-02-21,2025-02-21 00:00:00+00:00,98305.01,99475.0,94871.95,96181.98,32249.2814,3143975917.573464,4528525,15313.58184,1493403646.8483028,-0.02159625654849706,-2123.020000000004,1.04851855580074,0.4750047983830993,96610.12428571428,99063.97466666666,
2025-02-22,2025-02-22 00:00:00+00:00,96181.99,96980.0,95770.49,96551.01,11268.17708,1087077133.8226364,1506418,5293.28051,510722895.1675426,0.0038367893861199764,369.02999999999884,1.0126292556297873,0.46981293164691873,96464.60285714285,98818.66366666667,
2025-02-23,2025-02-23 00:00:00+00:00,96551.01,96650.0,95227.94,96258.0,10884.84913,1044392011.791024,1457368,4619.93267,443381984.4110255,-0.003034768875022631,-293.00999999999476,1.014933222329497,0.424535978258462,96484.58571428573,98531.58033333333,
2025-02-24,2025-02-24 00:00:00+00:00,96258.0,96500.0,91349.26,91552.88,31550.10299,2981809595.445377,4972684,14438.63366,1366473567.8747733,-0.04888030085811046,-4705.119999999995,1.0563851310891845,0.458269894215251,95880.71142857142,98091.78133333333,
2025-02-25,2025-02-25 00:00:00+00:00,91552.88,92540.69,86050.99,88680.4,78333.11111,6962982500.904473,10289145,35822.15275,3183981371.4750504,-0.0313750916410277,-2872.4800000000105,1.0754169126932764,0.45727263727310236,94881.94857142857,97627.128,
2025-02-26,2025-02-26 00:00:00+00:00,88680.39,89414.15,82256.01,84250.09,56893.54409,4898429925.636476,8490006,28077.1845,2417690848.8189874,-0.04995816437454048,-4430.309999999998,1.0870226990100784,0.4935644452451457,93111.33714285716,97032.70333333334,
2025-02-27,2025-02-27 00:00:00+00:00,84250.09,87078.46,82716.49,84708.58,42505.45439,3618738891.222162,6357581,20355.71969,1732725913.2817628,0.005442011990729023,458.49000000000524,1.0527339832722593,0.4788203750993946,91168.99142857143,96478.472,
2025-02-28,2025-02-28 00:00:00+00:00,84708.57,85120.0,78258.52,84349.94,83648.03969,6806705236.69068,11344216,40224.85287,3274291175.8104,-0.0042338096093689215,-358.6399999999994,1.0876770989280145,0.48103907278968827,89478.69999999998,95832.36200000001,
2025-03-01,2025-03-01 00:00:00+00:00,84349.95,86558.0,83824.78,86064.53,25785.05464,2194003507.852643,3700728,11748.10769,1000093822.5383524,0.02032710396711601,1714.5899999999965,1.0326063486238795,0.45583054856515853,87980.63142857142,95210.41500000001,
2025-03-02,2025-03-02 00:00:00+00:00,86064.54,95000.0,85050.6,94270.0,54889.09045,4972549515.788669,7403218,29273.81031,2652973441.154539,0.09534090292481712,8205.470000000001,1.1169821259344437,0.5335237854808502,87696.63142857143,94938.42966666668,
2025-03-03,2025-03-03 00:00:00+00:00,94269.99,94416.46,85117.11,86220.61,59171.10218,5321123743.471923,9797860,27915.4365,2513464571.356911,-0.08538654927336375,-8049.389999999999,1.1092535919041424,0.47235597075532915,86934.87857142858,94457.92833333333,
2025-03-04,2025-03-04 00:00:00+00:00,86221.16,88967.52,81500.0,87281.98,55609.10706,4704901219.590436,10326631,27584.7159,2335087296.239287,0.012309933784973248,1061.3699999999953,1.0916260122699386,0.496309526439443,86735.10428571429,94110.64133333332,
2025-03-05,2025-03-05 00:00:00+00:00,87281.98,91000.0,86334.53,90606.01,38264.01163,3400243670.304976,8070266,19230.28436,1709708737.4698937,0.038083806073143656,3324.029999999999,1.054039444009251,0.5028194750867798,87643.09285714287,93753.22433333333,
2025-03-06,2025-03-06 00:00:00+00:00,90606.0,92810.64,87836.0,89931.89,34342.44902,3105145628.3993993,7643526,17283.99411,1563426526.4289935,-0.007440124556858829,-674.1199999999953,1.056635548066852,0.5034953955556952,88389.28000000001,93492.183,
2025-03-07,2025-03-07 00:00:00+00:00,89931.88,91283.02,84667.03,86801.75,57980.35713,5097554826.613157,9510442,28394.41537,2497922400.4504447,-0.034805673493573885,-3130.1399999999994,1.0781412788425435,0.4900236457309627,88739.53857142858,93165.16033333333,
2025-03-08,2025-03-08 00:00:00+00:00,86801.74,86897.25,85218.47,86222.45,12989.23054,1119358968.6520057,2553974,6491.56581,559581591.3470743,-0.006673828580645025,-579.3000000000029,1.0196997200254827,0.4999125454999959,88762.09857142856,92820.76366666667,
2025-03-09,2025-03-09 00:00:00+00:00,86222.46,86500.0,80000.0,80734.37,26115.39345,2173552660.4544797,5189138,12093.87232,1006299692.7104127,-0.0636502442229373,-5488.080000000002,1.08125,0.46297460881394065,86828.43714285713,92295.016,
2025-03-10,2025-03-10 00:00:00+00:00,80734.48,84123.46,77459.91,78595.86,47633.38405,3834924947.7581854,8701538,22898.57072,1846606255.3521488,-0.026488223045525672,-2138.5099999999948,1.0860257906315667,0.48152344061691094,85739.18714285713,91700.05333333333,
2025-03-11,2025-03-11 00:00:00+00:00,78595.86,83617.4,76606.0,82932.99,48770.06853,3927000827.110792,6983310,24029.1677,1935950413.2018197,0.055182677560879245,4337.130000000005,1.0915254679790094,0.49298446790146316,85117.90285714285,91249.06133333335,
2025-03-12,2025-03-12 00:00:00+00:00,82932.99,84539.85,80607.65,83680.12,31933.986,2638600996.825396,5253577,15749.41702,1301890518.499408,0.009008839546240877,747.1299999999901,1.0487819704457333,0.49340181409230244,84128.48999999999,90790.70466666666,
2025-03-13,2025-03-13 00:00:00+00:00,83680.12,84336.33,79939.9,81115.78,27546.27412,2260870111.2393894,4367093,13013.18135,1067945431.1219468,-0.030644554525017353,-2564.3399999999965,1.0549966912643125,0.47236036507046764,82869.04571428572,90301.95733333334,
2025-03-14,2025-03-14 00:00:00+00:00,81115.78,85309.71,80818.84,83983.2,26858.52755,2244729595.541172,3290987,14082.88688,1177807467.01818,0.03534971863674374,2867.4199999999983,1.0555671177661052,0.5246990414158225,82466.39571428571,89839.06433333333,
2025-03-15,2025-03-15 00:00:00+00:00,83983.19,84676.28,83618.0,84338.44,11324.7332,953445671.8337504,1329670,5195.29128,437551330.253166,0.004229893597767154,355.24000000000524,1.0126561266712908,0.4589158493022774,82197.25142857143,89430.07433333334,
2025-03-16,2025-03-16 00:00:00+00:00,84338.44,85117.04,81981.12,82574.53,17596.12531,1468056556.2967227,2767947,8505.95317,710037465.075748,-0.020914662400679962,-1763.9100000000035,1.0382517340577928,0.48365811387189883,82460.13142857143,88932.54266666666,
2025-03-17,2025-03-17 00:00:00+00:00,82574.52,84756.83,82456.0,84010.03,17214.74358,1437716814.046874,3014756,8387.89111,700505421.7877294,0.017384295133135996,1435.5,1.027903730474435,0.48723463128733413,83233.58428571429,88480.555,
2025-03-18,2025-03-18 00:00:00+00:00,84010.02,84021.74,81134.66,82715.03,17610.89883,1450813055.479726,3126371,8047.23418,662808749.3427887,-0.015414826063030795,-1295.0,1.0355838059837805,0.45685331189939166,83202.44714285714,88033.78533333333,
2025-03-19,2025-03-19 00:00:00+00:00,82715.03,87000.0,82547.16,86845.94,28151.05374,2375813941.9437623,3774761,13804.24847,1166238970.2811463,0.04994146771149088,4130.9100000000035,1.0539429824115087,0.4908797569084862,83654.70714285715,87735.98333333334,
2025-03-20,2025-03-20 00:00:00+00:00,86845.93,87453.67,83655.23,84223.39,22090.30463,1885241921.155652,3252595,10163.59262,867440339.2962606,-0.030197727147636355,-2622.550000000003,1.0454058879522536,0.4601214992951781,84098.65142857144,87354.37166666666,
2025-03-21,2025-03-21 00:00:00+00:00,84223.38,84850.33,83175.25,84088.79,11956.97443,1005135519.2560016,2360005,5466.41961,459501348.0817583,-0.0015981308755205204,-134.60000000000582,1.0201391639940969,0.45715362682823096,84113.73571428572,86935.85233333334,
2025-03-22,2025-03-22 00:00:00+00:00,84088.79,84539.17,83625.1,83840.59,5420.22114,456235443.80165213,864481,2284.19178,192291026.7874248,-0.0029516419489445944,-248.1999999999971,1.0109305698887057,0.42147323142001025,84042.61428571427,86453.70533333333,
2025-03-23,2025-03-23 00:00:00+00:00,83840.59,86129.64,83809.75,86082.5,8461.97813,718692319.1499039,1206533,4424.81013,376007261.5213597,0.02674015056430301,2241.9100000000035,1.0276804309761096,0.5231825240126611,84543.75285714286,86117.05600000001,
2025-03-24,2025-03-24 00:00:00+00:00,86082.5,88765.43,85519.09,87498.16,30115.62111,2636765917.9518437,2916713,14379.95578,1258638667.112904,0.01644538669299811,1415.6600000000035,1.0379604132831628,0.47734182945241294,85042.05714285714,85815.29433333334,
2025-03-25,2025-03-25 00:00:00+00:00,87498.16,88539.63,86310.0,87392.87,22643.25248,1979571590.8982935,2802815,9440.56294,825308072.6337814,-0.0012033395902268929,-105.29000000000815,1.0258328119568996,0.4169124655195075,85710.31999999999,85519.79,94072.06166666668
2025-03-26,2025-03-26 00:00:00+00:00,87392.88,88275.0,85860.0,86909.17,18408.78485,1606406955.5864632,2380154,8590.97753,749604853.2968135,-0.005534776464029556,-483.6999999999971,1.0281271837875612,0.46663446687028914,85719.35285714285,85364.99966666667,93973.36800000002
2025-03-27,2025-03-27 00:00:00+00:00,86909.17,87756.39,85800.0,87232.01,17098.03897,1487968807.7079022,2376381,8185.05517,712324893.2889168,0.003714682811951864,322.8399999999965,1.0228017482517482,0.47872300118051314,86149.1557142857,85316.72,93894.84555555556
2025-03-28,2025-03-28 00:00:00+00:00,87232.01,87515.67,83585.0,84424.38,27182.73169,2309946560.6641135,3236085,11274.83736,958523321.8112733,-0.0321857767578666,-2807.62999999999,1.0470260214153257,0.41495476048402447,86197.09714285715,85322.52966666665,93774.00533333333
2025-03-29,2025-03-29 00:00:00+00:00,84424.38,84624.73,81644.81,82648.54,11696.39864,970199917.9868717,2172387,5621.60485,466215575.48490685,-0.02103468216171689,-1775.840000000011,1.0364985845395438,0.48053557503105815,86026.80428571429,85253.86166666666,93650.78688888889
2025-03-30,2025-03-30 00:00:00+00:00,82648.53,83534.64,81565.0,82389.99,9864.49508,816584795.5288126,1907663,4725.07105,391214080.11011606,-0.0031283069247198814,-258.54999999998836,1.0241481027401458,0.4790856776322531,85499.30285714286,85188.53,93535.20844444445
2025-03-31,2025-03-31 00:00:00+00:00,82390.0,83943.08,81278.52,82550.01,20569.13885,1696009191.0809648,3964358,9912.88184,817875871.1107411,0.0019422262340362817,160.01999999998952,1.0327830772509146,0.4822355181869395,84792.42428571428,85071.37933333333,93412.69744444443
2025-04-01,2025-04-01 00:00:00+00:00,82550.0,85579.46,82432.74,85158.34,20190.39697,1698895702.5754683,3328693,10246.42648,862302772.4330863,0.031596967704788925,2608.3300000000017,1.0381731821603892,0.507566633505438,84473.20571428571,84767.65733333332,93307.88133333334
2025-04-02,2025-04-02 00:00:00+00:00,85158.35,88500.0,82320.0,82516.29,39931.457,3417279759.830764,5338238,20739.67809,1777735583.840748,-0.0310251468030025,-2642.050000000003,1.0750728862973762,0.5202195046298428,83845.65142857142,84644.18,93147.12022222222
2025-04-03,2025-04-03 00:00:00+00:00,82516.28,83998.02,81211.24,83213.09,27337.84135,2259299724.8643928,4117486,13951.52792,1153439398.6198013,0.008444393222235336,696.8000000000029,1.0343152007037448,0.5105296061101555,83271.52,84508.55033333335,92980.8858888889
2025-04-04,2025-04-04 00:00:00+00:00,83213.09,84720.0,81659.0,83889.87,32915.53976,2739842666.426737,4992586,15896.18779,1323832046.264688,0.00813309540602325,676.7799999999988,1.0374851516672994,0.48317812642548946,83195.16142857143,84284.67899999999,92821.65666666668
2025-04-05,2025-04-05 00:00:00+00:00,83889.87,84266.0,82379.95,83537.99,9360.40468,779626577.9013437,1575750,4029.64658,335654613.7277184,-0.004194546969735313,-351.8799999999901,1.0228945271270498,0.4305325437099108,83322.22571428571,84071.54899999998,92656.92755555557
2025-04-06,2025-04-06 00:00:00+00:00,83537.99,83817.63,77153.83,78430.0,27942.71436,2239085051.1529646,3948493,12493.8449,1001459573.494466,-0.061145713465215135,-5107.990000000005,1.0863703072161162,0.4472628554144416,82756.51285714285,83792.49066666666,92392.4208888889
2025-04-07,2025-04-07 00:00:00+00:00,78430.0,81243.58,74508.0,79163.24,78387.53089,6084614024.150647,9736596,39075.84274,3034375055.6843963,0.009348973607038236,733.2400000000052,1.090400762334246,0.4986963911992701,82272.68857142856,83557.18366666668,92194.739
2025-04-08,2025-04-08 00:00:00+00:00,79163.24,80867.99,76239.9,76322.42,35317.32063,2775277777.102461,5512751,15704.73031,1235370767.1153505,-0.03588559538492875,-2840.820000000007,1.0607043031273653,0.44513409695700584,81010.41428571429,83410.11866666666,91986.53688888888
2025-04-09,2025-04-09 00:00:00+00:00,76322.42,83588.0,74620.0,82615.22,75488.28772,5980231256.222496,7741252,39491.62958,3137004042.959261,0.0824502158081466,6292.800000000003,1.1201822567676227,0.5245623302100858,81024.54714285715,83544.09733333332,91876.12277777778
2025-04-10,2025-04-10 00:00:00+00:00,82615.22,82753.21,78464.36,79607.3,33284.80718,2690294353.847842,4529545,16339.9191,1321475356.0200849,-0.036408787630172745,-3007.9199999999983,1.0546598481144815,0.49120102940781213,80509.43428571429,83433.241,91708.136
2025-04-11,2025-04-11 00:00:00+00:00,79607.3,84300.0,78969.58,83423.84,34435.43797,2830363945.1787524,4423157,18019.58367,1482515278.9177043,0.047942085713244875,3816.5399999999936,1.0674996625282798,0.5237896283419748,80442.85857142857,83424.69833333333,91583.95655555556
2025-04-12,2025-04-12 00:00:00+00:00,83423.83,85905.0,82792.95,85276.9,18470.74437,1557403252.9267516,2501196,9526.72644,803747272.783468,0.022212595344448305,1853.0599999999977,1.0375883453844803,0.5160816707381503,80691.27428571429,83563.40233333333,91480.97700000001
2025-04-13,2025-04-13 00:00:00+00:00,85276.91,86100.0,83034.23,83760.0,24680.04181,2086106375.4392557,3275879,11658.67909,986303246.0931836,-0.017787935537056265,-1516.8999999999942,1.036921761061673,0.47279623786467034,81452.70285714287,83555.96233333334,91361.24255555555
2025-04-14,2025-04-14 00:00:00+00:00,83760.0,85799.99,83678.0,84591.58,28659.09348,2429132805.0815287,3921522,15196.58929,1288815999.1406171,0.009928127984718316,831.5800000000017,1.02535899519587,0.5305662977522387,82228.18000000001,83564.40033333332,91228.25055555557
2025-04-15,2025-04-15 00:00:00+00:00,84591.58,86496.42,83600.0,83643.99,20910.99528,1780972414.3956008,2910533,10439.36072,889895753.1673651,-0.011201942320973268,-947.5899999999965,1.0346461722488038,0.4996684653700065,83274.11857142857,83600.04900000001,91040.991
2025-04-16,2025-04-16 00:00:00+00:00,83643.99,85500.0,83111.64,84030.38,20867.24519,1753910031.2009242,3264730,10456.769,878939829.4848368,0.004619459210398746,386.3899999999994,1.0287367690013096,0.5011316509108599,83476.28428571428,83600.72733333334,90863.69188888889
2025-04-17,2025-04-17 00:00:00+00:00,84030.38,85470.01,83736.26,84947.91,13728.84772,1161659427.386263,2003405,6424.41565,543726754.4187016,0.010919027142326287,917.5299999999988,1.0207048893752837,0.4680603812100836,84239.22857142857,83675.15666666666,90651.14111111111
2025-04-18,2025-04-18 00:00:00+00:00,84947.92,85132.08,84303.96,84474.69,6529.96315,552648483.6474872,840009,2911.78856,246467088.2621466,-0.005570707978571843,-473.22000000000116,1.0098230261069585,0.4459744223587851,84389.34999999999,83596.115,90428.01288888889
2025-04-19,2025-04-19 00:00:00+00:00,84474.7,85677.99,84364.45,85077.01,9666.58153,823222752.2842493,875226,5416.30087,461342923.999082,0.007130183016948566,602.3199999999924,1.0155698282866776,0.5604108034173789,84360.79428571429,83624.56899999999,90247.40666666666
2025-04-20,2025-04-20 00:00:00+00:00,85077.0,85320.76,83949.52,85179.24,8091.67725,685253644.8918362,944130,3843.48314,325482835.7378329,0.0012016172171542827,102.23000000001048,1.0163341017316119,0.47498154612400306,84563.54285714286,83660.91733333333,90057.62033333334
2025-04-21,2025-04-21 00:00:00+00:00,85179.24,88465.99,85144.76,87516.23,31773.37262,2773299591.467066,3041395,17216.39877,1502705225.134135,0.02743614523914495,2336.9899999999907,1.0390068631352065,0.5418474187778642,84981.34999999999,83783.43866666667,89850.6471111111
2025-04-22,2025-04-22 00:00:00+00:00,87516.22,93888.0,87076.03,93442.99,43872.74705,3967785064.1281695,3268475,22777.77047,2062639579.2030852,0.0677218385664009,5926.760000000009,1.0782301397985186,0.5198466010296108,86381.20714285715,84028.78833333333,89736.60633333333
2025-04-23,2025-04-23 00:00:00+00:00,93442.99,94696.05,91935.41,93691.08,27404.16808,2560279933.947952,3016536,13128.05774,1226992558.5765462,0.0026549878166355345,248.0899999999965,1.0300280381628797,0.4792415635131443,87761.30714285714,84235.219,89623.059
2025-04-24,2025-04-24 00:00:00+00:00,93691.07,94005.0,91660.01,93980.47,19497.06071,1811120137.314679,2797383,8565.18128,795787487.3608981,0.0030887678955136,289.3899999999994,1.0255835669230235,0.4393896743596482,89051.67285714285,84454.80566666668,89502.05866666666
2025-04-25,2025-04-25 00:00:00+00:00,93980.47,95758.04,92855.96,94638.68,27500.66648,2596877713.640173,3331828,13072.22136,1234153095.7292683,0.007003689170739236,658.2099999999919,1.0312535673531347,0.47524497947933575,90503.67142857144,84712.45599999999,89389.74566666667
2025-04-26,2025-04-26 00:00:00+00:00,94638.68,95199.0,93870.69,94628.0,9415.06875,889627361.8414446,1475983,4156.22463,392757114.43835795,-0.0001128502637609552,-10.679999999993015,1.0141504233110463,0.44148497594024966,91868.09857142858,84958.989,89300.94566666667
2025-04-27,2025-04-27 00:00:00+00:00,94628.0,95369.0,93602.58,93749.3,11162.841,1052334792.1866188,1918160,5250.08719,495112239.1081697,-0.009285835059390402,-878.6999999999971,1.0188714883713674,0.47048928039278165,93092.39285714286,85269.81966666668,89208.35088888889
2025-04-28,2025-04-28 00:00:00+00:00,93749.29,95630.0,92800.01,95011.18,22157.53351,2092532996.555172,3424740,11626.77592,1098667305.239998,0.013460153835815225,1261.87999999999,1.0304955786103902,0.5250418067713517,94163.1,85681.90766666667,89138.08044444445
2025-04-29,2025-04-29 00:00:00+00:00,95011.18,95461.53,93742.54,94256.82,16955.3402,1607154803.4675477,3020875,7112.68469,674688527.813066,-0.007939697201950202,-754.359999999986,1.018337352497596,0.4198030745746327,94279.36142857141,86077.46866666667,89032.78688888889
2025-04-30,2025-04-30 00:00:00+00:00,94256.82,95228.45,92910.0,94172.0,17661.2751,1664825670.9831252,3214149,8393.2162,791272380.0312446,-0.0008998818334843284,-84.82000000000698,1.0249537186524593,0.4752884303880157,94348.06428571428,86464.86833333335,88915.55422222221
2025-05-01,2025-05-01 00:00:00+00:00,94172.0,97424.02,94130.43,96489.91,21380.45343,2053857614.2732673,2925716,10925.87308,1049157198.8587636,0.024613579407891883,2317.9100000000035,1.0349896415006286,0.510822752058202,94706.55571428571,86842.58733333331,88849.55811111111
2025-05-02,2025-05-02 00:00:00+00:00,96489.9,97895.68,96350.0,96887.14,14905.74811,1446387651.5840576,2698263,7440.33531,722022817.2246199,0.004116803508263045,397.2299999999959,1.0160423456149454,0.49919039092588596,95027.76428571428,87321.61566666668,88807.908
2025-05-03,2025-05-03 00:00:00+00:00,96887.13,96935.67,95753.01,95856.42,9723.34838,935906144.9651498,1181239,3929.4049,378271292.4443145,-0.010638357164841517,-1030.7200000000012,1.0123511521987665,0.4041765239808316,95203.25285714286,87743.06,88787.41722222223
2025-05-04,2025-05-04 00:00:00+00:00,95856.42,96304.48,94151.38,94277.62,11036.38342,1053542403.8531588,1674726,4385.33486,418573470.8569623,-0.016470466975503584,-1578.800000000003,1.0228684911469168,0.3973010192338708,95278.72714285715,88089.31833333334,88709.07388888889
2025-05-05,2025-05-05 00:00:00+00:00,94277.61,95199.0,93514.1,94733.68,17251.18189,1626999380.1759968,2623300,8399.64855,792299650.3395202,0.0048374152847727725,456.0599999999977,1.0180176037624271,0.4869698538261367,95239.08428571429,88462.508,88675.41333333333
2025-05-06,2025-05-06 00:00:00+00:00,94733.68,96920.65,93377.0,96834.02,16122.64513,1526847764.5636683,2512960,7505.95734,711372483.6117135,0.022170995574119168,2100.340000000011,1.0379499234286815,0.46590924132832884,95607.25571428573,89075.97533333332,88677.87544444445
2025-05-07,2025-05-07 00:00:00+00:00,96834.02,97732.0,95784.61,97030.5,16644.83854,1611730124.5924544,2849139,8316.74471,805430612.4055353,0.0020290389679165077,196.47999999999593,1.0203309279016743,0.49973044501429686,96015.61285714286,89671.55066666665,88683.166
2025-05-08,2025-05-08 00:00:00+00:00,97030.5,104145.76,96876.29,103261.6,34962.02847,3508645830.5650144,4991147,18547.23009,1861334478.364427,0.06421795208723036,6231.100000000006,1.0750386910976877,0.530499391574295,96982.99714285714,90569.52333333333,88758.21933333334
2025-05-09,2025-05-09 00:00:00+00:00,103261.61,104361.3,102315.14,102971.99,27617.39907,2847518447.981513,4406929,14525.20381,1497826622.326188,-0.002804624371499198,-289.6100000000006,1.0199986043121283,0.52601120929978,97852.26142857142,91248.08233333334,88830.74433333334
2025-05-10,2025-05-10 00:00:00+00:00,102971.99,104984.57,102818.76,104809.53,15324.78611,1588386278.502415,2227845,8258.23478,856095289.5216646,0.017845046988020696,1837.5399999999936,1.0210643466231262,0.5389717231307366,99131.27714285713,92088.15666666666,88923.48633333333
2025-05-11,2025-05-11 00:00:00+00:00,104809.53,104972.0,103345.06,104118.0,17987.12197,1873381777.2124252,3100176,9071.95578,944903285.107308,-0.006597968715249425,-691.5299999999988,1.015742794091948,0.5043837281866355,100537.0457142857,92777.962,88997.78833333333
2025-05-12,2025-05-12 00:00:00+00:00,104118.0,105819.45,100718.37,102791.32,31272.77792,3242348937.383069,5298407,16455.99797,1707457796.5881395,-0.01274208110028996,-1326.679999999993,1.0506469673804293,0.526611364033584,101688.13714285716,93361.77600000001,89075.71188888888
2025-05-13,2025-05-13 00:00:00+00:00,102791.32,104976.25,101429.7,104103.72,21253.42409,2197244118.1523666,3703531,10705.97845,1106609664.707795,0.012767615008738131,1312.3999999999942,1.0349655968616687,0.5036352836562958,102726.66571428571,94039.9,89144.97555555556
2025-05-14,2025-05-14 00:00:00+00:00,104103.72,104356.95,102602.05,103507.82,16452.9081,1704708279.3884108,3025221,8026.03333,831783471.654361,-0.005724099004339123,-595.8999999999942,1.0171039467535006,0.48793302743433353,103651.99714285714,94670.44133333334,89221.63866666667
2025-05-15,2025-05-15 00:00:00+00:00,103507.83,104192.7,101383.07,103763.71,17998.98604,1850183474.529204,4139477,8475.18036,871244345.564136,0.0024721803627976158,255.88999999999942,1.0277130096770595,0.47089618816632883,103723.72714285715,95341.09866666667,89291.23011111112
2025-05-16,2025-05-16 00:00:00+00:00,103763.71,104550.33,103100.49,103463.9,15683.88024,1628832372.324148,3237442,7555.15801,784850382.1942747,-0.002889353127408567,-299.8100000000122,1.0140623967936524,0.48184846736216785,103794.0,95988.88266666667,89356.72166666666
2025-05-17,2025-05-17 00:00:00+00:00,103463.9,103709.86,102612.5,103126.65,11250.89622,1160418362.950618,2568597,5335.11525,550379728.7338501,-0.00325959102643536,-337.25,1.0106942136679256,0.47429422551913863,103553.58857142857,96594.84066666667,89434.59422222222
2025-05-18,2025-05-18 00:00:00+00:00,103126.65,106660.0,103105.09,106454.26,21599.98726,2262214972.0749383,3193300,11664.89904,1221914552.0552013,0.0322672170578604,3327.6100000000006,1.034478511196683,0.5401407766895127,103887.34,97327.493,89553.19711111112
2025-05-19,2025-05-19 00:00:00+00:00,106454.27,107108.62,102000.0,105573.74,30260.03524,3150324504.595452,4881371,14208.309,1480452895.0841563,-0.008271345834351629,-880.5199999999895,1.0500845098039215,0.46993663444022515,104284.82857142856,98010.71733333333,89663.21933333334
2025-05-20,2025-05-20 00:00:00+00:00,105573.73,107320.0,104184.72,106849.99,23705.48275,2509102444.6695986,3878351,12350.46275,1307273652.3895233,0.012088706907607882,1276.25,1.0300934724401045,0.5210124660978784,104677.15285714285,98733.07566666667,89776.61511111111
2025-05-21,2025-05-21 00:00:00+00:00,106850.0,110797.38,106100.01,109643.99,45531.040345,4914709514.320026,6835279,23661.649395,2555528481.098726,0.02614880918566298,2794.0,1.044273040125067,0.5199754886128393,105553.74857142857,99470.66766666666,89902.60388888889
2025-05-22,2025-05-22 00:00:00+00:00,109643.99,111980.0,109177.37,111696.21,31630.77313,3509432834.573417,5794216,16584.56293,1840083098.5827856,0.018717122570968137,2052.220000000001,1.0256704296870314,0.5243249223792179,106686.96285714286,100079.10833333334,90074.98422222222
2025-05-23,2025-05-23 00:00:00+00:00,111696.22,111800.0,106800.0,107318.3,31737.72309,3469704446.3904047,5251192,14309.31652,1565622441.187517,-0.03919479452346686,-4377.9100000000035,1.046816479400749,0.45122645613699514,107237.59142857145,100533.349,90194.62077777777
2025-05-24,2025-05-24 00:00:00+00:00,107318.3,109506.03,106875.41,107761.91,16782.53129,1819958819.7748585,2805418,8786.90747,953683093.321657,0.004133591381898505,443.6100000000006,1.0246138938788631,0.524013556218615,107899.77142857143,100992.73033333333,90322.44200000001
2025-05-25,2025-05-25 00:00:00+00:00,107761.9,109299.99,106600.64,109004.19,17710.04695,1904366455.425858,3151168,7867.16712,846688135.0097136,0.011528006509906819,1242.2799999999988,1.0253220806179026,0.4446035754291711,108264.04714285715,101471.58066666666,90516.34544444444
2025-05-26,2025-05-26 00:00:00+00:00,109004.2,110422.22,108670.58,109434.79,14649.11593,1605578282.1079032,2887863,7301.11288,800269021.1922797,0.003950306864350717,430.59999999999127,1.0161188060282738,0.4984303973903014,108815.62571428572,101965.14033333333,90746.94977777779
2025-05-27,2025-05-27 00:00:00+00:00,109434.78,110718.0,107516.57,108938.17,21276.65635,2327603851.1192646,3735509,9969.89271,1090553624.461599,-0.004538044985511469,-496.61999999999534,1.0297761545034407,0.46853059808145164,109113.93714285715,102471.436,91021.26177777778
2025-05-28,2025-05-28 00:00:00+00:00,108938.17,109284.7,106769.43,107781.78,15633.78829,1689136748.5130312,2933262,6877.27341,743282966.7207197,-0.010615103962183348,-1156.3899999999994,1.0235579603637484,0.4400371772001534,108847.90714285716,102897.12266666668,91277.63066666666
2025-05-29,2025-05-29 00:00:00+00:00,107781.78,108891.91,105322.86,105589.75,19834.70116,2128639017.5081615,3774926,9457.49356,1015173771.5489898,-0.02033766746104948,-2192.029999999999,1.0338867554489122,0.4769121317419887,107975.55571428571,103274.887,91513.62855555555
2025-05-30,2025-05-30 00:00:00+00:00,105589.75,106313.12,103621.0,103985.48,23706.49799,2493078549.591861,4307572,11070.98746,1164158558.6435854,-0.015193425498213675,-1604.270000000004,1.0259804479786916,0.4669562292107357,107499.43857142857,103602.003,91712.75022222221
2025-05-31,2025-05-31 00:00:00+00:00,103985.47,104900.0,103068.55,104591.88,11289.35922,1174000801.507038,2343787,5278.95175,548980630.8493577,0.005831583409529939,606.4000000000087,1.0177692419268536,0.4676152095847326,107046.57714285715,103872.06866666667,91827.43777777777
2025-06-01,2025-06-01 00:00:00+00:00,104591.88,105866.91,103752.49,105642.93,9709.70006,1016188486.9505996,1939359,4640.3507,485683466.9347843,0.0100490592577549,1051.0499999999884,1.0203794627001241,0.4779462404580412,106566.39714285712,104163.92833333333,92043.24133333332
2025-06-02,2025-06-02 00:00:00+00:00,105642.93,105935.63,103659.88,105857.99,13453.98813,1409004206.9863732,2997656,6494.65497,680177826.6144172,0.0020357254385126033,215.06000000001222,1.0219540095936828,0.4827365477277069,106055.42571428571,104497.314,92249.64144444444
2025-06-03,2025-06-03 00:00:00+00:00,105858.0,106794.67,104872.5,105376.89,13259.52634,1402493746.5993218,2470698,6260.22436,662160926.8241225,-0.004544767948078454,-481.1000000000058,1.01832863715464,0.4721311081990123,105546.67142857143,104867.28966666666,92413.76233333333
2025-06-04,2025-06-04 00:00:00+00:00,105376.9,106000.0,104179.0,104696.86,14034.89482,1476928482.368878,2274464,6979.9491,734803757.4185839,-0.00645331248625769,-680.0299999999988,1.017479530423598,0.49752155652114993,105105.96857142857,105199.39566666665,92577.81755555555
2025-06-05,2025-06-05 00:00:00+00:00,104696.86,105909.71,100372.26,101508.68,22321.50154,2301567892.5305448,3963295,10005.36019,1031668517.0427113,-0.030451534076571196,-3188.1800000000076,1.0551691274063173,0.44824596328045085,104522.95857142856,105355.21766666666,92741.22788888888
2025-06-06,2025-06-06 00:00:00+00:00,101508.69,105333.0,101095.8,104288.44,15839.07385,1642382404.9355752,2709327,7655.60679,793575821.4357933,0.027384456186406947,2779.7600000000093,1.04191272040975,0.48318577881192193,104566.23857142856,105597.149,92941.96111111112
2025-06-07,2025-06-07 00:00:00+00:00,104288.43,105900.0,103871.09,105552.15,8344.93206,877915380.954823,1402494,3970.01912,417664199.1912712,0.012117450409652175,1263.7099999999919,1.0195329614813902,0.47574539443313835,104703.42,105673.50066666667,93217.71422222222
2025-06-08,2025-06-08 00:00:00+00:00,105552.15,106488.14,104964.14,105734.0,8048.06305,850887129.4282976,1295154,4361.42266,461098506.088324,0.0017228450581063814,181.85000000000582,1.0145192443819384,0.5419032561911371,104716.43000000001,105765.56766666665,93519.24911111112
2025-06-09,2025-06-09 00:00:00+00:00,105734.01,110530.17,105318.37,110263.02,19975.37451,2154922022.221173,2839846,10623.88217,1146790065.5135615,0.042834093101556725,4529.020000000004,1.0494861437752978,0.5321724190889815,105345.72,105947.35066666667,93822.91611111112
2025-06-10,2025-06-10 00:00:00+00:00,110263.02,110400.0,108331.03,110274.39,17071.82839,1867620550.1921728,3003420,8009.29581,876411274.3969488,0.00010311707406529536,11.369999999995343,1.019098590680805,0.4692662405683899,106045.36285714286,106152.56366666667,94118.40800000001
2025-06-11,2025-06-11 00:00:00+00:00,110274.39,110392.01,108064.0,108645.12,13115.91638,1434884639.7506304,2667014,6030.96867,659947218.0033869,-0.014774690660270262,-1629.270000000004,1.0215428819958543,0.4599305057151351,106609.4,106347.69033333333,94424.28955555556
2025-06-12,2025-06-12 00:00:00+00:00,108645.13,108813.55,105671.72,105671.73,17778.67218,1908309274.0868344,3517420,8291.22648,890420511.4704415,-0.027367911232460296,-2973.3899999999994,1.0297319850571185,0.46660178387307066,107204.12142857142,106399.95733333334,94665.27322222223
2025-06-13,2025-06-13 00:00:00+00:00,105671.74,106179.53,102664.31,106066.59,26180.81734,2735461890.6929703,5452577,12793.70705,1337300355.9952192,0.003736666372359032,394.8600000000006,1.0342399418064565,0.4888755206370077,107458.14285714284,106485.24966666666,94906.69711111112
2025-06-14,2025-06-14 00:00:00+00:00,106066.59,106252.0,104300.0,105414.64,8798.93969,925568614.1784064,1521776,3848.55498,405001275.9262716,-0.0061466103511010894,-651.9499999999971,1.0187152444870566,0.4375702349044933,107438.49857142857,106540.28066666666,95160.4761111111
2025-06-15,2025-06-15 00:00:00+00:00,105414.63,106128.57,104494.53,105594.01,7164.20047,754596887.8748003,1564768,3356.46912,353608577.6853774,0.0017015663099546607,179.36999999999534,1.0156375649519644,0.468605931679971,107418.5,106611.28433333333,95400.29811111111
2025-06-16,2025-06-16 00:00:00+00:00,105594.02,108952.38,104980.37,106794.53,14922.6654,1599849840.7325244,2928998,7442.34921,797865030.1366178,0.011369205507016922,1200.520000000004,1.0378357401483727,0.49871244777028495,106923.00142857143,106733.547,95667.84811111112
2025-06-17,2025-06-17 00:00:00+00:00,106794.53,107771.34,103371.02,104551.17,17866.33025,1883173484.8991,3723010,8082.6529,852365443.211356,-0.02100631933114927,-2243.3600000000006,1.0425682168948318,0.45262183757702257,106105.39857142858,106670.11066666666,95864.57288888887
2025-06-18,2025-06-18 00:00:00+00:00,104551.17,105550.27,103500.0,104886.78,13968.64167,1461383024.362209,3468170,6656.31474,696386846.6904296,0.0032100071190022117,335.6100000000006,1.0198093719806764,0.4765258902568363,105568.49285714285,106647.212,96094.16611111112
2025-06-19,2025-06-19 00:00:00+00:00,104886.79,105226.17,103929.27,104658.59,7678.60737,803402575.962045,1718045,3583.19736,374871407.41073346,-0.002175583996381625,-228.19000000000233,1.0124786790092914,0.46660468689914114,105423.75857142858,106574.16533333334,96322.71944444445
2025-06-20,2025-06-20 00:00:00+00:00,104658.59,106524.65,102345.0,103297.99,16419.06283,1714411911.0114017,3029404,7113.97039,743649283.0800211,-0.013000366238452021,-1360.5999999999913,1.0408388294494113,0.433763483736713,105028.2442857143,106362.632,96538.91277777778
2025-06-21,2025-06-21 00:00:00+00:00,103297.98,103982.64,100837.9,102120.01,11154.21332,1144829784.7306418,2172578,4632.93703,475270667.42267615,-0.011403706887229914,-1177.9800000000105,1.031186091737333,0.4151452676735685,104557.58285714287,106043.42533333335,96717.10733333333
2025-06-22,2025-06-22 00:00:00+00:00,102120.02,103399.62,98200.0,100963.87,28746.41072,2892695407.808688,5121309,13142.02965,1322387353.31664,-0.01132138549535977,-1156.1399999999994,1.0529492871690427,0.45714711260194235,103896.13428571427,105831.61099999999,96866.72633333332
2025-06-23,2025-06-23 00:00:00+00:00,100963.87,106074.2,99613.33,105333.93,27666.50609,2836166831.044449,4944207,13408.20163,1375654853.258466,0.043283404251441615,4370.059999999998,1.0648594921984837,0.48504017401256555,103687.47714285714,105750.67833333333,97066.07144444445
2025-06-24,2025-06-24 00:00:00+00:00,105333.94,106290.0,104622.02,106083.0,14651.69335,1543451113.4563613,2973481,6848.32158,721631005.2893264,0.007111383767794521,749.070000000007,1.015942915267742,0.46754380426946346,103906.30999999998,105653.30533333334,97279.114
2025-06-25,2025-06-25 00:00:00+00:00,106083.0,108135.3,105808.03,107340.58,16701.15551,1789545470.94629,2988892,8576.13709,919352853.806412,0.01185467982617383,1257.5800000000017,1.0219952115165551,0.5137353974695426,104256.85285714285,105583.49833333334,97502.54255555556
2025-06-26,2025-06-26 00:00:00+00:00,107340.59,108272.45,106562.5,106947.06,10573.27279,1136093974.6816013,2597742,4983.08998,535471528.1944927,-0.0036660878858676416,-393.5200000000041,1.0160464516129033,0.47132679173354697,104583.77714285713,105517.12800000001,97752.79455555555
2025-06-27,2025-06-27 00:00:00+00:00,106947.06,107735.34,106356.76,107047.59,12232.44042,1308420348.9100096,2304499,4862.2801,520251258.3787664,0.0009399977895605538,100.52999999999884,1.012961846524847,0.397617828866821,105119.43428571428,105492.655,98023.89511111112
2025-06-28,2025-06-28 00:00:00+00:00,107047.58,107577.75,106811.51,107296.79,3282.17352,352025390.60311353,653305,1514.41959,162441164.0132396,0.002327936574751499,249.1999999999971,1.0071737587082141,0.4614472942844676,105858.9742857143,105549.55633333333,98300.63733333333
2025-06-29,2025-06-29 00:00:00+00:00,107296.79,108528.5,107172.52,108356.93,6831.7364,736708189.9495683,1223202,3771.10895,406653127.0920804,0.009880444699230884,1060.1399999999994,1.0126523104989973,0.5519867060523896,106915.12571428569,105695.27133333334,98587.3808888889
2025-06-30,2025-06-30 00:00:00+00:00,108356.93,108789.99,106733.33,107146.5,9754.12491,1050407152.345058,1773485,4331.3813,466474537.7882122,-0.011170766835125301,-1210.429999999993,1.0192691448866067,0.444089262670001,107174.06428571428,105780.42533333335,98831.6937777778
2025-07-01,2025-07-01 00:00:00+00:00,107146.51,107540.0,105250.85,105681.14,10505.62437,1117432945.8926365,2013289,4648.91727,494549276.18377846,-0.013676228341569674,-1465.3600000000006,1.0217494680565524,0.44257624406153406,107116.6557142857,105781.699,99089.08099999999
2025-07-02,2025-07-02 00:00:00+00:00,105681.13,109730.0,105100.19,108849.6,17691.89592,1915699005.8772895,2444708,9248.43029,1002261738.2088752,0.02998131927797143,3168.4600000000064,1.0440513951497137,0.5231833054848258,107332.23,105881.41933333334,99373.93111111112
2025-07-03,2025-07-03 00:00:00+00:00,108849.59,110529.18,108530.4,109584.78,13047.08225,1429459048.638326,2568944,6961.89686,763022147.911677,0.006754090047184302,735.179999999993,1.018416775391964,0.5337838454613419,107709.04714285713,106021.68233333335,99659.43011111113
2025-07-04,2025-07-04 00:00:00+00:00,109584.77,109767.59,107245.0,107984.24,11793.86615,1276215111.6683652,1975212,4787.79822,518313226.966756,-0.014605495398174795,-1600.5399999999936,1.0235217492657,0.40613312146819636,107842.85428571429,106131.26166666667,99931.05511111113
2025-07-05,2025-07-05 00:00:00+00:00,107984.25,108420.56,107756.31,108198.12,3736.9757,403928702.1967476,710020,1803.68528,194976807.36330113,0.001980659399927198,213.8799999999901,1.0061643721838656,0.4827010467513914,107971.61571428571,106354.243,100261.812
2025-07-06,2025-07-06 00:00:00+00:00,108198.12,109700.0,107800.01,109203.84,6447.607,700733299.51122,1256591,3209.35902,348780644.233174,0.009295170747883663,1005.7200000000012,1.0176251375115828,0.49773664884551333,108092.60285714285,106518.08966666667,100595.59644444444
2025-07-07,2025-07-07 00:00:00+00:00,109203.85,109700.0,107513.2,108262.94,9405.37601,1020848316.0537041,1961940,3920.92229,425664101.8022387,-0.00861599738617247,-940.8999999999942,1.0203398280397198,0.41697095945431883,108252.0942857143,106608.44933333334,100950.49111111113
2025-07-08,2025-07-08 00:00:00+00:00,108262.94,109216.56,107429.57,108922.98,9216.0208,1000112813.4398944,1723244,4371.98866,474674358.9974899,0.006096638424931022,660.0399999999936,1.0166340608083975,0.4746208153906602,108715.21428571429,106714.74866666667,101242.79955555554
2025-07-09,2025-07-09 00:00:00+00:00,108922.99,111999.79,108324.53,111233.99,17282.2865,1902054744.194924,2328484,8935.70327,983405508.7482138,0.02121691859697572,2311.0100000000093,1.0339282339835676,0.5170227154342271,109055.84142857142,106747.11433333335,101594.20722222222
2025-07-10,2025-07-10 00:00:00+00:00,111234.0,116868.0,110500.0,116010.0,24883.450665,2826460280.445224,3227017,12900.135467,1465777460.9410756,0.04293660597808269,4776.009999999995,1.0576289592760182,0.5185912114463489,109973.73,106938.30133333334,101956.27566666667
2025-07-11,2025-07-11 00:00:00+00:00,116010.01,118869.98,115222.22,117527.66,25873.521148,3039521803.027247,3708194,12502.931168,1468374333.9502125,0.013082148090681978,1517.6600000000035,1.0316584769847343,0.48309386446505104,111337.07571428572,107234.386,102314.61744444445
2025-07-12,2025-07-12 00:00:00+00:00,117527.66,118200.0,116900.05,117420.0,8446.60437,993093353.4068904,1441851,3784.55219,444996040.90597874,-0.000916039679510372,-107.66000000000349,1.0111201834387582,0.44809084602105365,112654.48714285715,107625.99499999998,102688.61744444445
2025-07-13,2025-07-13 00:00:00+00:00,117420.0,119488.0,117224.79,119086.64,9550.792947,1132096857.0116916,1650283,4766.474307,565024389.3723919,0.014193834099812674,1666.6399999999994,1.0193065818245441,0.49909544918607324,114066.31571428572,108059.99666666666,103071.8958888889
2025-07-14,2025-07-14 00:00:00+00:00,119086.65,123218.0,118905.18,119841.18,27269.348877,3299746181.077073,4076133,14099.580747,1705505292.664724,0.006336059191862198,754.5399999999936,1.0362710859190492,0.5168595398170985,115720.34999999999,108540.88133333334,103474.0868888889
2025-07-15,2025-07-15 00:00:00+00:00,119841.17,119940.83,115736.92,117758.09,32018.46083,3755258445.553272,3805374,15667.30508,1837578524.9238648,-0.01738208852749945,-2083.0899999999965,1.0363229814652057,0.4893347692486528,116982.50857142858,108946.35066666667,103848.83922222222
2025-07-16,2025-07-16 00:00:00+00:00,117758.08,120063.84,117017.29,118630.43,17039.90851,2023850383.7234876,2429625,8355.96881,992430971.3675904,0.007407898684498093,872.3399999999965,1.0260350414883135,0.4903677561093781,118039.14285714286,109340.88066666666,104223.08944444443
2025-07-17,2025-07-17 00:00:00+00:00,118630.44,120998.71,117453.57,119177.56,15728.57651,1869114355.1231644,2347985,7696.17927,914659207.5744278,0.004612054428193568,547.1300000000047,1.0301833311665196,0.4893543324769751,118491.65142857144,109828.427,104608.67688888889
2025-07-18,2025-07-18 00:00:00+00:00,119177.56,120820.71,116812.76,117924.84,19924.66266,2367355518.470308,2805236,8951.37863,1063782057.4785626,-0.010511374792368633,-1252.7200000000012,1.034310892063504,0.4493545853923693,118548.39142857143,110263.02900000001,104973.65277777778
2025-07-19,2025-07-19 00:00:00+00:00,117924.84,118499.9,117277.34,117840.0,6635.80306,783327898.4969696,1133382,2978.3832,351626384.05029035,-0.0007194412983727583,-84.83999999999651,1.0104245202014301,0.44888786002002795,118608.39142857143,110702.40933333333,105336.55011111111
2025-07-20,2025-07-20 00:00:00+00:00,117840.01,118856.8,116467.02,117265.12,12962.92889,1528864683.816082,1615935,6581.33371,776457462.9818255,-0.004878479293957905,-574.8800000000047,1.0205189417570741,0.5078653926675639,118348.17428571428,111167.98033333334,105667.09333333332
2025-07-21,2025-07-21 00:00:00+00:00,117265.11,119676.73,116515.0,117380.36,17107.33128,2020783266.9633648,2509543,8426.31812,995117241.6679094,0.00098273041463659,115.24000000000524,1.0271358194223918,0.4924413508051628,117996.62857142858,111676.65866666666,105933.0641111111
2025-07-22,2025-07-22 00:00:00+00:00,117380.36,120247.8,116128.0,119954.42,20959.12973,2481252763.6519103,2778733,10811.45507,1280627214.6285224,0.02192922223104432,2574.0599999999977,1.0354763709010748,0.5161212244832702,118310.39,112309.677,106224.87900000002
2025-07-23,2025-07-23 00:00:00+00:00,119954.43,120090.0,117301.0,118755.99,14558.75083,1722126986.886661,2101404,7070.08701,836266328.744683,-0.009990711471907332,-1198.429999999993,1.0237764383935346,0.4856008500607281,118328.32714285715,112757.079,106500.16255555557
2025-07-24,2025-07-24 00:00:00+00:00,118756.0,119450.0,117103.1,118340.99,15806.89043,1873181653.2018075,2081435,7651.73992,906619084.6035932,-0.0034945605691132364,-415.0,1.0200413140215758,0.4839995539428436,118208.81714285714,113165.67866666666,106763.52155555558
2025-07-25,2025-07-25 00:00:00+00:00,118340.98,118451.57,114723.16,117614.31,38406.34873,4456778786.620495,3282355,17042.77355,1977873720.8964725,-0.0061405604262733116,-726.6800000000076,1.0324991919678643,0.44378996930118286,118164.45571428571,113508.13633333333,107018.925
2025-07-26,2025-07-26 00:00:00+00:00,117614.31,118297.35,117138.38,117919.99,6991.67206,823629079.7493103,790372,3167.88355,373290310.2164352,0.0025990034716014687,305.68000000000757,1.0098940244862529,0.4532262390857476,118175.88285714285,113873.90066666667,107287.48822222222
2025-07-27,2025-07-27 00:00:00+00:00,117919.99,119766.65,117825.5,119415.55,9328.30919,1107883542.1607983,1095080,5238.30358,622261561.2507277,0.01268283689644134,1495.5599999999977,1.0164747868670194,0.5616669420299165,118483.08714285714,114286.166,107558.6478888889
2025-07-28,2025-07-28 00:00:00+00:00,119415.56,119800.0,117427.5,118062.32,13961.74754,1655882235.896518,1824777,7224.91774,857128354.2234088,-0.011332108758030257,-1353.229999999996,1.0202039556321987,0.5176263961545233,118580.51000000001,114645.01699999999,107823.15344444446
2025-07-29,2025-07-29 00:00:00+00:00,118062.32,119273.36,116950.75,117950.76,15137.93445,1788682083.6856463,1956694,7988.93736,944162800.0745873,-0.0009449246804570377,-111.56000000001222,1.019859727278363,0.5278538923636472,118294.27285714285,114964.81133333333,108087.36188888889
2025-07-30,2025-07-30 00:00:00+00:00,117950.75,118792.0,115796.23,117840.3,15586.73631,1832696878.2229855,1997369,7803.61434,917632890.2336526,-0.000936492482117024,-110.45999999999185,1.02587104951517,0.5007008530092577,118163.45999999999,115321.27133333332,108324.58844444444
2025-07-31,2025-07-31 00:00:00+00:00,117840.29,118922.45,115500.0,115764.08,17010.0073,2002870016.7022424,1859532,8313.51616,979519362.0685424,-0.017618930026484958,-2076.220000000001,1.0296316017316016,0.48905787889387686,117795.33,115657.36933333334,108534.33222222222
2025-08-01,2025-08-01 00:00:00+00:00,115764.07,116052.0,112722.58,113297.93,24487.10206,2810268577.1513696,4160829,11487.2212,1318593418.0612547,-0.021303240176054672,-2466.1500000000087,1.0295364069913941,0.46920548049462507,117178.7042857143,115805.64700000001,108728.12677777775
2025-08-02,2025-08-02 00:00:00+00:00,113297.92,114063.49,112003.0,112546.35,11507.33428,1301882737.326722,2165714,5060.00835,572586383.0717313,-0.00663366047376146,-751.5799999999872,1.0183967393730526,0.43981409896215135,116411.04142857142,115904.366,108931.11266666667
2025-08-03,2025-08-03 00:00:00+00:00,112546.35,114799.97,111920.0,114208.8,7397.76046,841090034.1542541,1419281,3738.18331,425246221.2955304,0.014771247579330682,1662.449999999997,1.0257323981415296,0.505589418525367,115667.22,116111.85133333334,109147.50288888889
2025-08-04,2025-08-04 00:00:00+00:00,114208.81,115720.0,114107.6,115055.03,9667.67916,1109938874.0629709,1954230,4715.29351,541443274.8093747,0.00740949909288946,846.2299999999959,1.0141305224191903,0.48781359718252076,115237.60714285714,116340.415,109349.95855555557
2025-08-05,2025-08-05 00:00:00+00:00,115055.03,115127.81,112650.0,114129.75,12042.79078,1371861747.1466167,2581052,5622.66754,640570774.1010684,-0.008042064740672372,-925.2799999999988,1.021995650244119,0.46693537117236045,114691.74857142857,116504.612,109539.95022222224
2025-08-06,2025-08-06 00:00:00+00:00,114129.75,115716.0,113355.13,114992.27,9761.15318,1118028732.8589184,2026500,4872.24748,558193207.677072,0.007557363439418818,862.5200000000041,1.0208272003216792,0.49926552983098443,114284.88714285714,116728.923,109670.291
2025-08-07,2025-08-07 00:00:00+00:00,114992.27,117621.0,114259.0,117472.01,13468.56263,1564454297.836927,2314671,7008.73753,814088870.444632,0.021564406024856986,2479.7399999999907,1.0294243779483454,0.5203660289534963,114528.87714285713,117013.89066666667,109831.40233333335
2025-08-08,2025-08-08 00:00:00+00:00,117472.02,117630.0,115878.71,116674.74,10045.31278,1172199778.7242548,2095304,4584.90574,534970598.46875024,-0.006786893320374743,-797.2699999999895,1.0151131299269727,0.45638176032670563,115011.27857142857,117195.249,109963.238
2025-08-09,2025-08-09 00:00:00+00:00,116674.74,117944.05,116299.13,116462.25,9514.13144,1111837601.7023723,1390951,4869.85416,569228301.1169946,-0.0018212168289383213,-212.49000000000524,1.0141438719275029,0.5119707232831754,115570.69285714287,117210.324,110100.39633333334
2025-08-10,2025-08-10 00:00:00+00:00,116462.25,119311.11,116460.63,119294.01,14322.77073,1694198747.8718708,2317065,8023.43513,949082473.721322,0.024314831629991707,2831.7599999999948,1.0244759108721977,0.5601954758339246,116297.15142857142,117269.20233333333,110283.75955555555
2025-08-11,2025-08-11 00:00:00+00:00,119294.27,122335.16,118050.11,118686.0,26494.33429,3194611530.541069,4021743,13243.42946,1596640461.643077,-0.005096735368355865,-608.0099999999948,1.03629856846385,0.4997917419313437,116815.86142857141,117311.40233333335,110445.7848888889
2025-08-12,2025-08-12 00:00:00+00:00,118686.0,120324.43,118207.47,120134.08,16720.10893,1992762473.5852575,2737841,9265.05962,1104367998.1961715,0.012200933555769122,1448.0800000000017,1.0179088512764887,0.5541894795967628,117673.62285714285,117346.31700000001,110630.52111111111
2025-08-13,2025-08-13 00:00:00+00:00,120134.09,123667.79,118920.92,123306.43,23210.07102,2811581348.3874574,3712817,11931.26825,1446045988.0483146,0.02640674486373884,3172.3499999999913,1.0399161896830262,0.5143176770886155,118861.36,117461.82533333333,110847.66244444443
2025-08-14,2025-08-14 00:00:00+00:00,123306.44,124474.0,117180.0,118295.09,27980.947586,3359128391.108524,4350449,13402.078476,1608719584.8697336,-0.0406413517932519,-5011.3399999999965,1.0622461170848267,0.4789098234911023,118978.94285714287,117479.72533333334,111012.45344444444
2025-08-15,2025-08-15 00:00:00+00:00,118295.09,119216.82,116803.99,117342.05,13623.33874,1607609329.6851013,2895016,6141.41708,724799635.8172467,-0.008056462867562786,-953.0399999999936,1.020657085430044,0.4508555794206672,119074.27285714286,117436.77933333332,111170.40233333335
2025-08-16,2025-08-16 00:00:00+00:00,117342.04,117898.99,117143.98,117380.66,6393.68117,751719391.7723638,1179842,2995.22865,352158781.0964551,0.00032903805583761603,38.61000000000058,1.0064451455379952,0.4684710610779296,119205.47428571428,117376.88266666667,111291.80677777779
2025-08-17,2025-08-17 00:00:00+00:00,117380.66,118575.0,117172.21,117405.01,5898.64192,695629197.9038073,1177563,2804.73113,330799448.0903654,0.0002074447357851561,24.34999999999127,1.0119720367141662,0.475539912768453,118935.61714285715,117359.555,111423.26533333334
2025-08-18,2025-08-18 00:00:00+00:00,117405.01,117543.75,114640.14,116227.05,17745.93954,2053814085.4717772,3346280,7647.70667,885108979.4887484,-0.010033302667407429,-1177.9599999999919,1.0253280395505449,0.4309586664877858,118584.33857142857,117305.79000000001,111527.45488888888
2025-08-19,2025-08-19 00:00:00+00:00,116227.05,116725.69,112732.58,112872.94,18065.47424,2065010895.8584664,3291182,8609.4137,984093545.5944221,-0.028858256318128994,-3354.1100000000006,1.0354210823525904,0.4765561031993077,117547.03285714285,117159.384,111563.33211111111
2025-08-20,2025-08-20 00:00:00+00:00,112872.95,114615.38,112380.0,114271.24,15636.34194,1776149566.1247735,2998370,7209.58575,819330970.2158619,0.012388265956393196,1398.300000000003,1.0198912617903542,0.4612961576222936,116256.29142857144,117055.74666666666,111591.94355555555
2025-08-21,2025-08-21 00:00:00+00:00,114271.23,114821.76,112015.67,112500.0,10839.69235,1227373788.615563,2357380,5346.48007,605400341.4544928,-0.01550031311465605,-1771.2400000000052,1.0250508701148686,0.49324854992818806,115428.42142857143,116807.266,111649.51800000001
2025-08-22,2025-08-22 00:00:00+00:00,112500.0,117429.05,111684.79,116935.99,23128.09037,2656625122.2777863,3438518,11843.59711,1359907711.8726692,0.03943102222222228,4435.990000000005,1.0514327868638156,0.5118929654277629,115370.41285714286,116746.59933333333,111751.45222222221
2025-08-23,2025-08-23 00:00:00+00:00,116936.0,117030.0,114560.0,115438.05,11329.36197,1308825428.0143585,1559569,5083.35014,587273893.1314433,-0.012809914210329953,-1497.9400000000023,1.021560754189944,0.4487029977881821,115092.89714285715,116649.83466666666,111822.93955555557
2025-08-24,2025-08-24 00:00:00+00:00,115438.06,115666.68,110680.0,113493.59,21175.98462,2411284606.1891766,2573906,9325.0671,1061855201.3343124,-0.01684418612407268,-1944.4600000000064,1.0450549331405854,0.4403690873357672,114534.12285714285,116512.47733333334,111868.03733333333
2025-08-25,2025-08-25 00:00:00+00:00,113493.59,113667.28,109274.1,110111.98,25182.79379,2805570653.6310234,4695718,11387.5817,1269662985.34418,-0.029795603434519924,-3381.6100000000006,1.0402033052662982,0.45255070789286944,113660.54142857144,116252.21033333334,111881.07966666667
2025-08-26,2025-08-26 00:00:00+00:00,110111.98,112371.0,108666.66,111763.22,18452.43877,2033437347.4999392,4077474,9863.43157,1087468493.596964,0.01499600679235824,1651.2400000000052,1.034089020496259,0.5347932135376482,113502.01,115997.13266666667,111925.31788888891
2025-08-27,2025-08-27 00:00:00+00:00,111763.22,112625.0,110345.42,111262.01,13392.60875,1493774927.190832,3111496,6261.8455,698586344.1774796,-0.004484570147495814,-501.2100000000064,1.0206585828392334,0.46766506215981907,113072.12,115770.45566666668,111988.34300000001
2025-08-28,2025-08-28 00:00:00+00:00,111262.01,113485.9,110862.42,112566.9,11104.27744,1250788481.9453218,2066780,5139.46509,578866003.6838148,0.011728082208833035,1304.8899999999994,1.0236642858779377,0.46280087483977955,113081.67714285714,115590.99366666666,112083.6921111111
2025-08-29,2025-08-29 00:00:00+00:00,112566.9,112638.64,107463.9,108377.4,22580.31045,2475492492.5775294,3606959,10616.35644,1164321513.1044571,-0.03721786777462999,-4189.5,1.0481532868246919,0.47033934321979853,111859.02142857143,115275.56366666667,112125.75344444443
2025-08-30,2025-08-30 00:00:00+00:00,108377.4,108926.15,107350.1,108816.33,10708.39159,1160666772.7387524,1411040,5797.17783,628457794.843401,0.004050014117334522,438.93000000000757,1.014681402253002,0.5414627260849973,110913.06142857143,115043.97200000001,112161.01344444443
2025-08-31,2025-08-31 00:00:00+00:00,108816.33,109480.02,108076.93,108246.35,9489.51596,1031806894.3513318,1366633,4573.61058,497406888.1691883,-0.005238000583184466,-569.9799999999959,1.0129823265705273,0.4820736233613695,110163.45571428571,114875.586,112187.55077777777
2025-09-01,2025-09-01 00:00:00+00:00,108246.36,109912.4,107255.0,109237.42,16053.60219,1742516638.781135,2729384,7532.99101,817730948.9844334,0.009155689776144893,991.0699999999924,1.0247764672975619,0.4692815728614358,110038.51857142858,114765.28833333333,112230.44555555555
2025-09-02,2025-09-02 00:00:00+00:00,109237.43,111771.52,108393.39,111240.01,18510.28756,2042681451.9016385,2596328,9088.71727,1003032805.5367996,0.018332454208457083,2002.5899999999965,1.0311654612887373,0.49103731010188795,109963.77428571429,114666.32866666667,112303.14722222222
2025-09-03,2025-09-03 00:00:00+00:00,111240.01,112575.27,110528.71,111705.71,11773.72084,1313762617.3436644,2214249,5539.29462,618293676.5075179,0.004186443348935365,465.70000000001164,1.0185160941442273,0.47062815484707904,110027.16,114554.68466666667,112416.44755555555
2025-09-04,2025-09-04 00:00:00+00:00,111705.72,112180.0,109329.12,110730.87,12203.13536,1349031325.5320847,2230255,6070.78151,670681185.82571,-0.008726859173089796,-974.8400000000111,1.0260761268361074,0.4971576071898702,109764.87,114441.38866666667,112488.03011111112
2025-09-05,2025-09-05 00:00:00+00:00,110730.87,113384.62,110206.96,110659.99,21587.40888,2413132200.623325,2970419,10787.81127,1206066261.227201,-0.0006401105671796081,-70.8799999999901,1.0288335691321129,0.49979286709433807,110090.95428571428,114296.97933333335,112544.78388888888
2025-09-06,2025-09-06 00:00:00+00:00,110660.0,111307.7,109977.0,110187.97,5000.29897,552785936.5434699,795201,2308.83297,255237426.946011,-0.004265498307021387,-472.0200000000041,1.0120998026860162,0.46172923381877623,110286.90285714286,114054.178,112594.27244444445
2025-09-07,2025-09-07 00:00:00+00:00,110187.98,111600.0,110180.0,111137.34,5681.29944,630447950.1588689,874961,2570.85199,285303923.5404623,0.008615913334277803,949.3699999999953,1.0128880014521693,0.45254159914163816,110699.90142857144,113869.598,112603.98711111111
2025-09-08,2025-09-08 00:00:00+00:00,111137.35,112924.37,110621.78,112065.23,11582.40211,1295903862.4649603,1744598,5531.65969,618773275.3576307,0.008349039125823854,927.8899999999994,1.020814978750116,0.4774839347886901,111103.87428571428,113723.03066666666,112623.88533333332
2025-09-09,2025-09-09 00:00:00+00:00,112065.23,113293.29,110766.66,111546.39,15379.28248,1721465997.906366,2143242,7597.38038,849973176.1775683,-0.0046298035528057335,-518.8399999999965,1.0228103835576516,0.4937496164381401,111147.64285714286,113464.77666666666,112656.12166666667
2025-09-10,2025-09-10 00:00:00+00:00,111546.38,114313.13,110917.45,113960.0,17517.41823,1978834750.2223115,2182534,8274.63998,934646697.4823325,0.02163772399985331,2413.6100000000006,1.0306144795070569,0.472321752676584,111469.68428571429,113307.24333333333,112748.21355555556
2025-09-11,2025-09-11 00:00:00+00:00,113960.0,115488.09,113430.0,115482.69,13676.73119,1562241144.956541,2166359,6744.29993,770595422.6905212,0.013361618111618068,1522.6900000000023,1.0181441417614387,0.4932627880006053,112148.5157142857,113152.19699999999,112852.8368888889
2025-09-12,2025-09-12 00:00:00+00:00,115482.69,116665.63,114740.99,116029.42,15324.10719,1772122269.5018637,2481491,7995.57276,924775389.8569396,0.004734302604139096,546.7299999999959,1.0167737789259095,0.5218462663509613,112915.57714285715,112909.63000000002,112970.77888888889
2025-09-13,2025-09-13 00:00:00+00:00,116029.41,116298.78,115127.27,115918.29,8269.40394,957724220.6497613,1223635,3590.09359,415773029.4393527,-0.0009577743299932218,-111.13000000000466,1.010175781984581,0.43412604638658336,113734.19428571429,112830.40333333332,113085.4931111111
2025-09-14,2025-09-14 00:00:00+00:00,115918.29,116165.19,115135.0,115268.01,6707.60197,775762364.9685991,1237218,3406.90777,393977059.3035421,-0.005609813602322822,-650.2799999999988,1.0089476701263733,0.5078579177007243,114324.29000000001,112761.26866666667,113179.64288888888
2025-09-15,2025-09-15 00:00:00+00:00,115268.01,116757.99,114384.0,115349.71,13212.51149,1522648235.2235153,2857989,6621.3636,763138585.685025,0.000708782948538822,81.70000000001164,1.0207545635753252,0.5011916528264987,114793.50142857143,112693.57033333332,113299.62666666668
2025-09-16,2025-09-16 00:00:00+00:00,115349.71,116964.27,114737.11,116788.96,10926.9094,1265779287.5169268,2047058,5292.18365,613182568.9919184,0.012477274541912609,1439.25,1.0194109822009636,0.4844308759347736,115542.43999999999,112673.03533333333,113431.87311111111
2025-09-17,2025-09-17 00:00:00+00:00,116788.96,117286.73,114720.81,116447.59,16754.2454,1946083704.6217456,3227418,7975.0019,926282110.833079,-0.0029229646363835293,-341.3700000000099,1.0223666482131708,0.4759723893855417,115897.80999999998,112680.38666666666,113562.862
2025-09-18,2025-09-18 00:00:00+00:00,116447.6,117900.0,116092.76,117073.53,11657.23365,1367513347.4865093,2252654,5717.34538,670700552.9347277,0.005375293726559649,625.9400000000023,1.0155672067749961,0.49045265566692703,116125.07285714286,112820.40633333333,113715.92355555555
2025-09-19,2025-09-19 00:00:00+00:00,117073.53,117459.99,115100.0,115632.38,8992.09065,1045792401.4532388,1732471,4020.81483,467345983.0786799,-0.01230978514101344,-1441.1499999999942,1.020503822762815,0.4468821751135822,116068.35285714285,112865.77766666668,113866.061
2025-09-20,2025-09-20 00:00:00+00:00,115632.39,116121.81,115408.47,115685.63,4674.92752,541264273.2416894,740451,2276.16483,263511469.8432588,0.0004605111474831336,53.25,1.0061810021396176,0.4868443805926087,116035.11571428571,112971.96533333333,114029.63611111112
2025-09-21,2025-09-21 00:00:00+00:00,115685.63,115819.06,115188.0,115232.29,4511.52219,521299751.1504096,945965,2016.72489,233031538.74699312,-0.003918723526854739,-453.34000000001106,1.005478522068271,0.447020237843461,116030.01285714286,112915.17533333333,114139.6178888889
2025-09-22,2025-09-22 00:00:00+00:00,115232.29,115379.25,111800.0,112650.99,20781.71356,2348872511.6988754,3045876,9312.35777,1052684266.8981876,-0.022400839209218093,-2581.2999999999884,1.0320147584973167,0.4481657738575219,115644.48142857142,112822.27333333335,114212.59555555556
2025-09-23,2025-09-23 00:00:00+00:00,112650.99,113290.5,111458.73,111998.8,12301.3203,1383869800.273703,2455729,5543.3609,623665658.7200328,-0.005789474198140687,-652.1900000000023,1.0164345134741801,0.4506678725098876,114960.17285714287,112772.447,114264.35355555556
2025-09-24,2025-09-24 00:00:00+00:00,111998.8,113940.0,111042.66,113307.0,12369.25967,1394470628.502582,2229837,6100.69487,687826281.220477,0.011680482290881589,1308.199999999997,1.0260921343202694,0.49325261297119055,114511.51714285716,112878.94766666666,114335.01955555555
2025-09-25,2025-09-25 00:00:00+00:00,113307.01,113510.23,108631.51,108994.49,21231.14957,2356639689.9252143,4409953,9511.07937,1055527535.7684448,-0.03806040226993912,-4312.509999999995,1.044910726178804,0.4478951705179594,113357.36857142858,112786.65666666668,114356.65177777778
2025-09-26,2025-09-26 00:00:00+00:00,108994.49,110300.0,108620.07,109643.46,14243.01591,1557098915.9392595,3257155,6978.29033,762955442.7524,0.0059541541962351285,648.9700000000012,1.0154661104526999,0.4899852122061088,112501.80857142857,112732.705,114382.72588888889
2025-09-27,2025-09-27 00:00:00+00:00,109643.46,109743.91,109064.4,109635.85,5501.78643,601947588.9970765,919594,2523.25886,276080500.9941954,-6.940678449951498e-05,-7.610000000000582,1.006230355643088,0.4586454137214532,111637.55428571429,112635.00333333334,114396.9361111111
2025-09-28,2025-09-28 00:00:00+00:00,109635.85,112350.0,109189.99,112163.95,7542.3316,832254944.3203354,1484866,3781.87606,417495757.16935,0.02305906325348861,2528.0999999999913,1.0289404733895477,0.5016440695468619,111199.22,112761.22166666666,114452.68555555555
2025-09-29,2025-09-29 00:00:00+00:00,112163.96,114400.0,111560.65,114311.96,15541.12005,1755247635.871136,2442653,7836.68768,884934987.568753,0.01915062727373651,2148.0100000000093,1.0254511783500724,0.504165320883373,111436.50142857143,112944.40933333333,114548.58355555557
2025-09-30,2025-09-30 00:00:00+00:00,114311.97,114792.0,112656.27,114048.93,15044.15633,1710713267.1300955,3018331,7185.72154,817044461.2701814,-0.002300984079006363,-263.0300000000134,1.0189579328340979,0.47760456235945425,111729.37714285715,113137.82866666667,114606.35388888889
2025-10-01,2025-10-01 00:00:00+00:00,114048.94,118649.1,113966.67,118594.99,20036.39516,2332096981.265933,3430343,10071.04092,1172422657.4065175,0.03986061070454605,4546.060000000012,1.0410859596055584,0.5027332340055991,112484.80428571429,113449.74766666666,114706.46733333333
2025-10-02,2025-10-02 00:00:00+00:00,118594.99,121022.07,118279.31,120529.35,19670.83503,2349861127.34458,3472073,9753.07848,1164986423.9898076,0.01631063841735636,1934.3600000000006,1.023188840043115,0.4957682011218596,114132.64142857143,113759.39233333334,114845.85744444444
2025-10-03,2025-10-03 00:00:00+00:00,120529.35,123894.99,119248.3,122232.0,23936.328,2907381076.6813188,4246820,11288.62355,1372792607.6136215,0.014126434764644369,1702.6499999999942,1.038966509375815,0.4721749820221777,115931.00428571428,114110.26866666667,115001.78944444445
2025-10-04,2025-10-04 00:00:00+00:00,122232.21,122800.0,121510.0,122391.0,8208.16678,1002272903.3446472,1703590,3767.80335,460154433.12366194,0.0013008050265068682,159.0,1.0106164101720023,0.45911091838170814,117753.16857142858,114498.93966666666,115148.31344444446
2025-10-05,2025-10-05 00:00:00+00:00,122390.99,125708.42,122136.0,123482.31,22043.097553,2730817470.939564,3690670,11780.672403,1459478400.9109964,0.008916587003946264,1091.3099999999977,1.0292495251195388,0.5344474379713298,119370.07714285715,114926.35033333332,115317.41755555556
2025-10-06,2025-10-06 00:00:00+00:00,123482.32,126199.63,123084.0,124658.54,19494.628793,2428828952.2653184,4206167,9963.008153,1241625129.7177184,0.009525493975614863,1176.229999999996,1.0253130382503006,0.5112031987924388,120848.16,115408.70266666666,115492.25711111112
2025-10-07,2025-10-07 00:00:00+00:00,124658.54,125126.0,120574.94,121332.95,21633.99385,2657405799.8705487,4390785,9699.35099,1191947741.6989057,-0.02667759465175834,-3325.5899999999965,1.0377446590477257,0.44853809747723494,121888.73428571426,115748.55633333334,115604.46777777777
2025-10-08,2025-10-08 00:00:00+00:00,121332.96,124197.25,121066.14,123306.0,17012.618,2084842842.4416168,4184997,9039.06222,1107976264.6948595,0.016261452474369165,1973.050000000003,1.025862805240177,0.5314435419972846,122561.7357142857,116123.24866666667,115685.53444444443
2025-10-09,2025-10-09 00:00:00+00:00,123306.01,123762.94,119651.47,121662.4,21559.36007,2621438087.566733,4231167,10144.15364,1233882833.5642388,-0.013329440578722873,-1643.6000000000058,1.034362051715704,0.47068929051441055,122723.59999999999,116460.44900000001,115731.476
2025-10-10,2025-10-10 00:00:00+00:00,121662.41,122550.0,102000.0,112774.5,64171.93927,7349750905.041157,11404522,30502.14297,3493298452.846008,-0.07305379476321361,-8887.899999999994,1.201470588235294,0.4752948090322316,121372.52857142857,116420.93233333335,115679.85933333333
2025-10-11,2025-10-11 00:00:00+00:00,112774.49,113322.39,109561.59,110644.4,35448.51652,3961069473.231136,6661929,15375.94796,1718429599.5669522,-0.01888813517240162,-2130.100000000006,1.034325898337182,0.4338297046239862,119694.44285714286,116259.656,115586.05666666666
2025-10-12,2025-10-12 00:00:00+00:00,110644.4,115770.0,109565.06,114958.8,32255.30272,3638546528.740156,6048575,16915.44533,1907676479.1772509,0.03899338782622541,4314.400000000009,1.056632470241882,0.5242962991152905,118476.79857142859,116223.96866666665,115531.808
2025-10-13,2025-10-13 00:00:00+00:00,114958.81,115963.81,113616.5,115166.0,22557.24033,2591831660.985749,5739352,10710.89723,1230950583.8424664,0.0018023848543999854,207.1999999999971,1.0206599393573996,0.47493461954789923,117120.72142857143,116198.89233333334,115503.00700000001
2025-10-14,2025-10-14 00:00:00+00:00,115166.0,115409.96,109866.0,113028.14,31870.32974,3578140778.808499,7425642,14944.19197,1677011392.6343808,-0.018563291249153346,-2137.8600000000006,1.0504611071669125,0.4686823398806618,115934.31999999999,116124.23,115440.75933333334
2025-10-15,2025-10-15 00:00:00+00:00,113028.13,113612.35,110164.0,110763.28,22986.48811,2569639641.352769,5243141,10499.31831,1173678794.920774,-0.020038018850880857,-2264.8600000000006,1.031301967975019,0.45674840006083456,114142.50285714286,115971.349,115347.26733333334
2025-10-16,2025-10-16 00:00:00+00:00,110763.28,111982.45,107427.0,108194.28,29857.17252,3277596494.7619195,6127094,13126.95119,1441416875.126377,-0.023193607123227156,-2569.0,1.0424050750742364,0.4397786235828519,112218.48571428572,115684.85966666667,115239.15
2025-10-17,2025-10-17 00:00:00+00:00,108194.27,109240.0,103528.23,106431.68,37920.66838,4022645635.2212014,7570685,17996.99946,1909654487.4562209,-0.016291064555353674,-1762.6000000000058,1.0551711354477904,0.47472600388555247,111312.36857142858,115350.99600000001,115112.39088888888
2025-10-18,2025-10-18 00:00:00+00:00,106431.68,107499.0,106322.2,107185.01,11123.18766,1189002999.143113,2105450,4845.85641,518065716.6618129,0.007078061719969053,753.3300000000017,1.0110682435088816,0.43571439015307023,110818.17,115021.37866666666,115000.38966666667
2025-10-19,2025-10-19 00:00:00+00:00,107185.0,109450.07,106103.36,108642.78,15480.66423,1670074079.5802343,3205640,7100.31013,766423535.8177378,0.01360050253295686,1457.770000000004,1.0315419794434408,0.45891589192880294,109915.88142857142,114788.392,114903.30544444444
2025-10-20,2025-10-20 00:00:00+00:00,108642.77,111705.56,107402.52,110532.09,19193.4416,2119912185.5934684,4283542,9280.50075,1024925788.7216992,0.017390110967337113,1889.3099999999977,1.0400646092847727,0.48347558719031175,109253.89428571427,114616.60733333333,114798.61288888889
2025-10-21,2025-10-21 00:00:00+00:00,110532.09,114000.0,107473.72,108297.67,37228.01659,4114477849.9320545,6004063,17034.07155,1881327751.3346128,-0.0202151248565009,-2234.4199999999983,1.0607244263993094,0.4572458085697753,108578.11285714284,114385.45333333334,114682.40933333333
2025-10-22,2025-10-22 00:00:00+00:00,108297.66,109163.88,106666.69,107567.44,28610.78451,3090291706.4439816,5547903,13766.58861,1487179903.5999787,-0.006742804346575482,-730.2299999999959,1.0234111511288106,0.4812425637679642,108121.56428571428,114216.00166666666,114562.70322222222
2025-10-23,2025-10-23 00:00:00+00:00,107567.45,111293.61,107500.0,110078.18,17573.09294,1924582289.4113936,3721614,8575.33716,938905317.7034109,0.02334107793213258,2510.7399999999907,1.0352893953488371,0.4878488817386768,108390.69285714286,114151.981,114478.96844444444
2025-10-24,2025-10-24 00:00:00+00:00,110078.19,112104.98,109700.01,111004.89,15005.16913,1662806764.9533324,3241022,7511.2434,832390454.8076226,0.008418652997351561,926.7100000000064,1.0219231520580536,0.5005936181832794,109044.00857142857,114075.24399999999,114402.134
2025-10-25,2025-10-25 00:00:00+00:00,111004.9,111943.19,110672.86,111646.27,6407.96864,714201332.9751225,1238199,3087.0866,344113931.7999452,0.005777943656356088,641.3800000000047,1.0114782431754272,0.481816423341696,109681.33142857144,114163.63666666666,114315.80866666666
2025-10-26,2025-10-26 00:00:00+00:00,111646.27,115466.8,111260.45,114559.4,13454.47737,1525108635.874829,2463951,6982.18154,791462349.3516057,0.026092497313165763,2913.12999999999,1.0378063363935703,0.5189547359015569,110526.56285714285,114327.50133333333,114276.88733333333
2025-10-27,2025-10-27 00:00:00+00:00,114559.41,116400.0,113830.01,114107.65,21450.23241,2470872744.548968,3660488,10969.70182,1263753536.9973898,-0.0039433691168074825,-451.75,1.0225774380587334,0.5114603897693141,111037.35714285714,114476.56133333333,114234.1861111111
2025-10-28,2025-10-28 00:00:00+00:00,114107.65,116086.0,112211.0,112898.45,15523.42257,1772753529.8642745,3829845,7765.31574,887031686.0163724,-0.010597010805147522,-1209.199999999997,1.0345331562859257,0.5003694371909023,111694.61142857143,114501.04466666667,114179.27666666667
2025-10-29,2025-10-29 00:00:00+00:00,112898.44,113643.73,109200.0,110021.29,21079.71376,2356715986.5335455,4481480,10407.07233,1163985607.3569083,-0.02548449513700146,-2877.1600000000035,1.040693498168498,0.4939015197452772,112045.16142857143,114358.02233333333,114115.4678888889
2025-10-30,2025-10-30 00:00:00+00:00,110021.3,111592.0,106304.34,108322.88,25988.82838,2827221287.4227977,6373451,12551.13144,1365671836.7455924,-0.015437103127948992,-1698.409999999989,1.0497407725780528,0.4830438433740339,111794.40428571428,114167.15400000001,114060.18955555557
2025-10-31,2025-10-31 00:00:00+00:00,108322.87,111190.0,108275.28,109608.01,21518.20439,2361590437.9414105,5256872,10798.53938,1185034290.9237795,0.011863883235009975,1285.12999999999,1.0269195332489558,0.5017950072480686,111594.84999999999,113867.588,114027.54133333333
2025-11-01,2025-11-01 00:00:00+00:00,109608.01,110564.49,109394.81,110098.1,7378.50431,812389216.4346799,1994214,3406.68401,375126956.08097214,0.004471297307560018,490.09000000001106,1.0106922805570027,0.4617576753754636,111373.68285714285,113519.87966666667,113981.86688888888
2025-11-02,2025-11-02 00:00:00+00:00,110098.1,111250.01,109471.34,110540.68,12107.00087,1336870531.1415012,2652188,5921.86453,654016950.2549777,0.004019869552698729,442.5799999999872,1.0162478142680997,0.489214875352618,110799.57999999999,113130.169,113931.70744444444
2025-11-03,2025-11-03 00:00:00+00:00,110540.69,110750.0,105306.56,106583.04,28681.18779,3076006652.001568,7074546,12847.08574,1377869106.6681776,-0.03580256607793619,-3957.6399999999994,1.051691366615717,0.4479408735256127,109724.6357142857,112603.237,113847.8551111111
2025-11-04,2025-11-04 00:00:00+00:00,106583.05,107299.0,98944.36,101497.22,50534.87376,5197697635.212413,9099609,23388.99033,2406186713.1705294,-0.04771697260652341,-5085.819999999992,1.0844377587565375,0.46293318350600754,108095.88857142857,111870.40066666667,113697.91011111111
2025-11-05,2025-11-05 00:00:00+00:00,101497.23,104534.74,98966.8,103885.16,33778.77571,3454273922.7003846,6500368,18126.84828,1854232277.0330112,0.023527146851904046,2387.9400000000023,1.056260685401569,0.5367936413055111,107219.29857142859,111177.95466666667,113546.94511111111
2025-11-06,2025-11-06 00:00:00+00:00,103885.16,104200.0,100300.95,101346.04,25814.62139,2641767846.305827,5755001,11972.54796,1225474173.0204284,-0.024441604556416086,-2539.12000000001,1.03887351017114,0.46388412771928333,106222.60714285714,110511.72433333333,113376.62622222221
2025-11-07,2025-11-07 00:00:00+00:00,101346.04,104096.36,99260.86,103339.08,32059.50942,3251112979.305884,6335759,16056.80582,1629564159.11658,0.01966569192047385,1993.0400000000081,1.0487150725875234,0.501232706918876,105327.04571428572,109846.16033333332,113230.81322222222
2025-11-08,2025-11-08 00:00:00+00:00,103339.09,103406.22,101454.0,102312.94,12390.77985,1267165565.37527,2743819,5862.65977,599611355.3671467,-0.009929834869828569,-1026.1399999999994,1.0192424152818027,0.4731910113021201,104214.88,109201.17833333332,113042.13466666665
2025-11-09,2025-11-09 00:00:00+00:00,102312.95,105495.62,101400.0,104722.96,16338.97096,1687020822.3668208,3404204,8224.94939,849620657.0869098,0.023555378234659363,2410.020000000004,1.0403907297830375,0.5036219149298506,103383.77714285713,108932.79366666666,112886.98977777778
2025-11-10,2025-11-10 00:00:00+00:00,104722.95,106670.11,104265.02,106011.13,22682.25673,2400141664.389342,4710957,11595.81944,1226965888.74677,0.012300740926345144,1288.1699999999983,1.0230670842435938,0.5112056121316246,103302.0757142857,108778.35133333334,112730.0681111111
2025-11-11,2025-11-11 00:00:00+00:00,106011.13,107500.0,102476.09,103058.99,24196.50718,2532279071.0069213,5532149,10717.03395,1121890584.1997764,-0.027847453375886122,-2952.1399999999994,1.0490251921204254,0.44303591853076213,103525.18571428572,108381.691,112505.09655555554
2025-11-12,2025-11-12 00:00:00+00:00,103059.0,105333.33,100813.59,101654.37,20457.63906,2108514405.260877,5314132,10155.72095,1047214063.138287,-0.013629281637633106,-1404.62000000001,1.0448326460748,0.4966596673588862,103206.50142857143,107931.30333333333,112320.19966666667
2025-11-13,2025-11-13 00:00:00+00:00,101654.37,104085.01,98000.4,99692.02,36198.50771,3654698026.540381,8125404,17250.22426,1742449117.5763607,-0.0193041381300183,-1962.3499999999913,1.0620876037240665,0.47676965509125857,102970.21285714286,107486.766,112124.08822222221
2025-11-14,2025-11-14 00:00:00+00:00,99692.03,99866.02,94012.45,94594.0,47288.14481,4566085156.747208,9551025,21184.91518,2045542286.8634837,-0.05113769386957956,-5098.020000000004,1.0622637746383592,0.44798601354178186,101720.9157142857,106947.79,111870.90311111111
2025-11-15,2025-11-15 00:00:00+00:00,94594.0,96846.68,94558.49,95596.24,15110.89391,1449074019.0674856,4263558,7115.78198,682358960.754042,0.010595175169672455,1002.2400000000052,1.024198673223314,0.4708931026126303,100761.38714285714,106527.85533333334,111628.58344444445
2025-11-16,2025-11-16 00:00:00+00:00,95596.23,96635.11,93005.55,94261.44,23889.4051,2261295524.8173394,5141394,10828.62752,1025540141.3111866,-0.013962892264381965,-1334.800000000003,1.0390251979586165,0.4535188479595238,99266.88428571429,106122.18066666667,111384.52111111111
2025-11-17,2025-11-17 00:00:00+00:00,94261.45,96043.0,91220.0,92215.14,39218.59806,3674562070.2386065,8134322,18690.19245,1750979467.7862608,-0.02170877083991085,-2046.300000000003,1.052872177154133,0.47651378159263524,97296.02857142859,105623.185,111154.98999999999
2025-11-18,2025-11-18 00:00:00+00:00,92215.14,93836.01,89253.78,92960.83,39835.14769,3641033186.3004575,8786593,20130.95957,1841176605.1418235,0.0080864161785148,745.6900000000023,1.0513393382330698,0.5056742168869345,95853.43428571428,105100.45333333332,110918.20766666665
2025-11-19,2025-11-19 00:00:00+00:00,92960.83,92980.22,88608.0,91554.96,32286.6376,2925773651.2559576,6822174,15060.08451,1365200809.1745572,-0.015123251373723723,-1405.8699999999953,1.0493434001444566,0.46661190232146377,94410.66142857143,104467.88233333333,110685.48499999999
2025-11-20,2025-11-20 00:00:00+00:00,91554.96,93160.0,86100.0,86637.23,39733.19073,3548950335.0984216,7841395,18283.84047,1634256490.957432,-0.05371341978632305,-4917.7300000000105,1.0819976771196282,0.46049009894417414,92545.69142857144,103745.86766666666,110348.83211111111
2025-11-21,2025-11-21 00:00:00+00:00,86637.22,87498.94,80600.0,85129.43,72256.12679,6061348756.341564,11826480,34071.85828,2859133223.2240524,-0.01740360350856096,-1507.800000000003,1.0855947890818858,0.4716991775523132,91193.61,102997.934,110012.06966666666
2025-11-22,2025-11-22 00:00:00+00:00,85129.42,85620.0,83500.0,84739.74,14193.93263,1197657354.9690385,4697593,6688.79428,564562148.9373932,-0.00457761786963673,-389.6899999999878,1.0253892215568863,0.47138870445294273,89642.68142857144,102153.31933333333,109692.58244444444
2025-11-23,2025-11-23 00:00:00+00:00,84739.75,88127.64,84667.57,86830.0,19734.46418,1708685030.2798696,5063493,10406.51703,901210513.5204473,0.02466682102163631,2090.2599999999948,1.040866532486996,0.5274292789776684,88581.04714285713,101347.48966666668,109433.89377777778
2025-11-24,2025-11-24 00:00:00+00:00,86830.0,89228.0,85272.0,88300.01,24663.12795,2150393686.9203186,6189156,12438.87518,1085485389.0234168,0.01692974778302414,1470.0099999999948,1.0463927197673328,0.5047844939398014,88021.74285714285,100569.281,109173.19144444443
2025-11-25,2025-11-25 00:00:00+00:00,88300.01,88519.99,86116.0,87369.96,19567.0411,1708989000.038937,4838747,9423.17985,823123525.1402558,-0.010532841389259029,-930.0499999999884,1.0279157183334109,0.48164354780604324,87223.04714285715,99662.96633333333,108907.72422222221
2025-11-26,2025-11-26 00:00:00+00:00,87369.97,90656.08,86306.77,90484.02,21675.82239,1916851896.6699688,4668280,10883.61063,962765375.8163832,0.035642227603171595,3114.0599999999977,1.0503936133862963,0.5022638303402247,87070.05571428571,98875.512,108662.35888888889
2025-11-27,2025-11-27 00:00:00+00:00,90484.01,91950.0,90089.91,91333.95,16833.50932,1535778106.5787077,3920172,8898.35835,812005498.7594875,0.009393150304329856,849.929999999993,1.0206470402734336,0.5287257939679926,87741.0157142857,98156.69533333335,108472.98722222222
2025-11-28,2025-11-28 00:00:00+00:00,91333.94,93092.0,90180.63,90890.7,18830.86012,1721418035.0795596,4229754,8961.64712,820315728.918691,-0.004853069422706469,-443.25,1.0322837620451308,0.47653487543528505,88564.05428571429,97519.009,108273.81355555556
2025-11-29,2025-11-29 00:00:00+00:00,90890.71,91165.65,90155.47,90802.44,7429.88291,673725652.9787655,1677860,3359.04932,304614219.1452583,-0.000971056444718732,-88.25999999999476,1.0112048664379432,0.4521339180101832,89430.15428571428,96934.99433333332,108079.99233333334
2025-11-30,2025-11-30 00:00:00+00:00,90802.44,92000.01,90336.9,90360.0,9687.74175,884051773.1655338,2154030,5002.96698,456606490.1203246,-0.004872556288134988,-442.4400000000023,1.0184100849154665,0.5164929294642425,89934.43999999999,96293.394,107870.24322222223
2025-12-01,2025-12-01 00:00:00+00:00,90360.01,90417.0,83822.76,86286.01,34509.01227,2977024047.2231607,7709685,15524.33346,1338718794.0013125,-0.0450862107127048,-4073.9900000000052,1.0786688484130087,0.44968356747067983,89646.72571428571,95499.65766666667,107592.97655555554
2025-12-02,2025-12-02 00:00:00+00:00,86286.01,92307.65,86184.39,91277.88,28210.22732,2519515177.662365,6397299,13512.33949,1206199898.2941513,0.05785259974357393,4991.87000000001,1.0710483650229468,0.47874285854204596,90205.0,94857.56433333334,107366.00066666667
2025-12-03,2025-12-03 00:00:00+00:00,91277.88,94150.0,90990.23,93429.95,25712.52585,2386223626.8613906,6733182,12993.19312,1206219500.4577343,0.023577125147954625,2152.0699999999924,1.0347264755787517,0.5054930673217244,90625.84714285714,94419.12800000001,107173.7682222222
2025-12-04,2025-12-04 00:00:00+00:00,93429.95,94080.0,90889.0,92078.06,19803.94059,1836645629.33462,5856049,8312.69539,770992235.207992,-0.014469557138797606,-1351.8899999999994,1.0351087590357468,0.41978279472851115,90732.14857142858,94105.156,106967.30233333334
2025-12-05,2025-12-05 00:00:00+00:00,92078.06,92692.36,88056.0,89330.04,19792.97218,1788436983.8106546,5520352,8722.13995,787809723.7213238,-0.029844460232980596,-2748.020000000004,1.0526524030162623,0.44050180736182476,90509.19714285714,93619.98533333333,106735.54755555555
2025-12-06,2025-12-06 00:00:00+00:00,89330.04,90289.97,88908.01,89236.79,8409.50016,753420679.8063259,2482221,4041.72834,362232786.26957136,-0.0010438817669845557,-93.25,1.015543706354467,0.48078423645430973,90285.53285714285,93216.34366666665,106492.20811111112
2025-12-07,2025-12-07 00:00:00+00:00,89236.8,91760.0,87719.28,90395.31,13021.11185,1167866486.8455212,3953071,6370.56683,571547237.8567672,0.01298253780755676,1158.520000000004,1.0460642175813573,0.489394330854164,90290.57714285715,92784.88466666666,106251.43122222222
2025-12-08,2025-12-08 00:00:00+00:00,90395.32,92287.15,89612.0,90634.34,15793.63887,1436920018.893613,5458731,7296.74328,663654575.4521835,0.0026442743544992098,239.02999999999884,1.0298525867071373,0.4618590921735354,90911.76714285715,92395.598,106019.0751111111
2025-12-09,2025-12-09 00:00:00+00:00,90634.35,94588.99,89500.0,92678.8,21240.43014,1956261065.6071732,5940223,10517.75959,969426006.1222627,0.022557233825501566,2044.4600000000064,1.0568602234636872,0.4955504268656381,91111.89857142858,91994.12599999999,105782.61733333331
2025-12-10,2025-12-10 00:00:00+00:00,92678.81,94476.0,91563.15,92015.37,18998.68083,1758773276.2478049,6025707,9197.33116,852012295.3967115,-0.007158379262571457,-663.4300000000076,1.0318124704097664,0.48443554772131187,90909.81571428572,91527.60066666667,105521.86933333334
2025-12-11,2025-12-11 00:00:00+00:00,92015.38,93555.0,89260.63,92513.38,19972.58758,1814322119.0658488,6250438,9150.89797,831529923.8088819,0.005412247975528528,498.0100000000093,1.0481104603451712,0.4583143836867385,90972.00428571428,91176.08033333333,105260.57999999999
2025-12-12,2025-12-12 00:00:00+00:00,92513.38,92754.0,89480.0,90268.42,16679.19169,1521683425.5648005,4956719,7986.68273,728724357.3886564,-0.02426632774632176,-2244.9600000000064,1.0365891819400983,0.4788935366882747,91106.05857142856,90796.54866666667,104975.58144444444
2025-12-13,2025-12-13 00:00:00+00:00,90268.43,90634.55,89766.39,90240.01,5895.70788,532250544.59040153,1363754,2237.9847,202065519.4961406,-0.00031472800786813693,-28.410000000003492,1.0096713257601202,0.3796436124863753,91249.37571428572,90481.48166666667,104697.49255555555
2025-12-14,2025-12-14 00:00:00+00:00,90240.0,90472.4,87577.36,88172.17,9416.94004,839079130.8378651,3115749,4005.70835,356905157.3266693,-0.022914891077693733,-2067.8399999999965,1.03305694531098,0.4253533954184756,90931.78428571428,90267.42066666667,104395.51988888888
2025-12-15,2025-12-15 00:00:00+00:00,88172.16,90052.64,85146.64,86432.08,19778.6919,1732823429.5017288,6747167,9592.41076,840349649.3250623,-0.019735138649757622,-1740.0899999999965,1.0576182454175527,0.48495976855916806,90331.46142857142,89961.94866666666,104058.2212222222
2025-12-16,2025-12-16 00:00:00+00:00,86432.08,88175.98,85266.0,87863.42,18456.05017,1604673428.6527836,6099692,9065.97746,788731082.46646,0.016560286412174774,1431.3399999999965,1.0341282574531465,0.4915212456210766,89643.55,89748.68133333333,103740.61933333332
2025-12-17,2025-12-17 00:00:00+00:00,87863.43,90365.85,85314.0,86243.22,19834.11729,1733348496.6703594,6058638,9277.27838,810618013.2566439,-0.018439983328670806,-1620.199999999997,1.0592147830367817,0.4676601472893559,88818.95714285714,89549.61733333333,103398.06033333333
2025-12-18,2025-12-18 00:00:00+00:00,86243.23,89477.61,84450.01,85516.41,25405.41763,2204223872.6696463,6946947,12668.53838,1098646854.9700365,-0.008427445079160933,-726.8099999999977,1.0595334446970464,0.49842798120111553,87819.39,89301.47,103063.43844444443
2025-12-19,2025-12-19 00:00:00+00:00,85516.41,89399.97,85110.24,88136.94,21256.65004,1863236625.932864,6482253,10880.14451,953886285.3647416,0.03064359226492308,2620.529999999999,1.0504020432793986,0.5119512315764836,87514.89285714286,89187.53600000001,102757.34188888888
2025-12-20,2025-12-20 00:00:00+00:00,88136.95,88573.07,87795.76,88360.9,5123.13194,451919022.72775954,1174426,2456.37063,216687645.32920048,0.002541045786250251,223.95999999999185,1.0088536166211217,0.479483346421855,87246.44857142857,89244.99166666667,102458.77088888887
2025-12-21,2025-12-21 00:00:00+00:00,88360.91,89081.77,87600.04,88658.86,7132.87258,629720971.7866651,2030666,3450.39397,304712061.7980245,0.003372079732098854,297.9600000000064,1.0169147183037817,0.4838842526293596,87315.97571428571,89362.63933333334,102192.19166666667
2025-12-22,2025-12-22 00:00:00+00:00,88658.87,90588.23,87900.0,88620.79,14673.2197,1310235631.747926,4847747,7269.61435,649186791.7715422,-0.00042939870871350205,-38.070000000006985,1.0305828213879409,0.49547331490709917,87628.64857142858,89492.00766666667,101932.436
2025-12-23,2025-12-23 00:00:00+00:00,88620.79,88940.0,86601.9,87486.0,13910.32904,1219899607.2677548,4465080,6381.76747,559905195.8871304,-0.012805008847246668,-1134.7899999999936,1.0269982529251669,0.4589764539240787,87574.73142857142,89513.87433333333,101645.53600000001
2025-12-24,2025-12-24 00:00:00+00:00,87486.0,88049.89,86420.0,87669.45,9140.8432,797460526.4738462,2877239,4543.27331,396385690.4046026,0.002096906933680698,183.4499999999971,1.0188601018282806,0.4970599512396086,87778.47857142857,89492.85566666667,101408.5911111111
2025-12-25,2025-12-25 00:00:00+00:00,87669.44,87967.5,87508.52,87745.45,918.14444,80560676.6117022,308458,424.52003,37250925.503543,0.0008668926290742451,76.0,1.0052449750035768,0.4623958868057961,88096.91285714284,89505.372,101165.27988888891
