date,portfolio_value,USDT_balance,BTC_balance,BTC_price,ETH_balance,BNB_balance,SOL_balance,other_balance,daily_return,cumulative_return
2025-01-02,53654.4299,53654.4299,0.0,96984.79,0.0,0.0,0.0,0.0,,0.0
2025-01-03,61502.1968028,0.0,0.62646,98174.18,0.0,0.0,0.0,0.0,0.14626503193541507,0.14626503193541515
2025-01-04,61531.21443,0.0,0.62646,98220.5,0.0,0.0,0.0,0.0,0.0004718144831972193,0.14680585637906474
2025-01-05,61620.8671206,0.0,0.62646,98363.61,0.0,0.0,0.0,0.0,0.0014570278098766654,0.14847678440433856
2025-01-06,64046.513976,0.0,0.62646,102235.6,0.0,0.0,0.0,0.0,0.039364049367443865,0.19368548124299423
2025-01-07,60738.1849806,0.0,0.62646,96954.61,0.0,0.0,0.0,0.0,-0.05165509861535511,0.13202553999366973
2025-01-08,59551.6697406,0.0,0.62646,95060.61,0.0,0.0,0.0,0.0,-0.01953491432743637,0.10991151805342356
2025-01-09,57980.432885400005,0.0,0.62646,92552.49,0.0,0.0,0.0,0.0,-0.026384429891623817,0.08062713541943724
2025-01-10,59342.1188706,0.0,0.62646,94726.11,0.0,0.0,0.0,0.0,0.02348526765730452,0.10600595293250893
2025-01-11,59263.10973540001,0.0,0.62646,94599.99,0.0,0.0,0.0,0.0,-0.0013314174940783907,0.10453339725821978
2025-01-12,59228.6982876,0.0,0.62646,94545.06,0.0,0.0,0.0,0.0,-0.0005806554525007446,0.10389204391863259
2025-01-13,59223.085206,0.0,0.62646,94536.1,0.0,0.0,0.0,0.0,-9.476962625010188e-05,0.10378742848221001
2025-01-14,60491.516355600004,0.0,0.62646,96560.86,0.0,0.0,0.0,0.0,0.021417849900725816,0.12742818194775007
2025-01-15,62957.569881,0.0,0.62646,100497.35,0.0,0.0,0.0,0.0,0.04076693186038316,0.17338996981868965
2025-01-16,62638.043958,0.0,0.62646,99987.3,0.0,0.0,0.0,0.0,-0.005075258203325772,0.16743471274866717
2025-01-17,65200.3781208,0.0,0.62646,104077.48,0.0,0.0,0.0,0.0,0.04090699518838892,0.21519095892583506
2025-01-18,65500.2958458,0.0,0.62646,104556.23,0.0,0.0,0.0,0.0,0.0045999384304846735,0.22078076251817552
2025-01-19,63480.175342200004,0.0,0.62646,101331.57,0.0,0.0,0.0,0.0,-0.030841395103859304,0.18313018068616177
2025-01-20,64061.8058646,0.0,0.62646,102260.01,0.0,0.0,0.0,0.0,0.009162396279856155,0.1939704882522663
2025-01-21,66494.8574772,0.0,0.62646,106143.82,0.0,0.0,0.0,0.0,0.03797975376689289,0.2393171934010242
2025-01-22,64968.0742236,0.0,0.62646,103706.66,0.0,0.0,0.0,0.0,-0.022960922265658046,0.2108613276608498
2025-01-23,65095.6715964,0.0,0.62646,103910.34,0.0,0.0,0.0,0.0,0.0019640011547956693,0.21323946070667316
2025-01-24,65697.17343,0.0,0.62646,104870.5,0.0,0.0,0.0,0.0,0.009240273874572935,0.22445012559904196
2025-01-25,65619.711651,0.0,0.62646,104746.85,0.0,0.0,0.0,0.0,-0.0011790732379457491,0.22300640922474887
2025-01-26,64287.3252,0.0,0.62646,102620.0,0.0,0.0,0.0,0.0,-0.020304667873067395,0.1981736702788076
2025-01-27,63950.809681800005,0.0,0.62646,102082.83,0.0,0.0,0.0,0.0,-0.0052345546677060595,0.19190176470032722
2025-01-28,63482.649859200006,0.0,0.62646,101335.52,0.0,0.0,0.0,0.0,-0.0073206238502596666,0.1831763002144955
2025-01-29,64984.72553040001,0.0,0.62646,103733.24,0.0,0.0,0.0,0.0,0.023661199942527578,0.21117167122113067
2025-01-30,65604.73299240001,0.0,0.62646,104722.94,0.0,0.0,0.0,0.0,0.00954081835292131,0.22272724013045575
2025-01-31,64168.0221576,0.0,0.62646,102429.56,0.0,0.0,0.0,0.0,-0.021899499765762998,0.19595012522162672
2025-02-01,63044.209298999995,0.0,0.62646,100635.65,0.0,0.0,0.0,0.0,-0.01751359666096397,0.17500473710186587
2025-02-02,61205.5116114,0.0,0.62646,97700.59,0.0,0.0,0.0,0.0,-0.029165211334154395,0.1407354756256574
2025-02-03,63478.2646392,0.0,0.62646,101328.52,0.0,0.0,0.0,0.0,0.03713314320824468,0.1830945694047902
2025-02-04,61244.690419800005,0.0,0.62646,97763.13,0.0,0.0,0.0,0.0,-0.03518644109279401,0.14146568203122406
2025-02-05,60523.8228978,0.0,0.62646,96612.43,0.0,0.0,0.0,0.0,-0.011770285996367091,0.1280303044986784
2025-02-06,60487.43810100001,0.0,0.62646,96554.35,0.0,0.0,0.0,0.0,-0.0006011648811646841,0.12735217229472423
2025-02-07,60457.649928000006,0.0,0.62646,96506.8,0.0,0.0,0.0,0.0,-0.0004924687494659574,0.12679698658022648
2025-02-08,60418.771820400005,0.0,0.62646,96444.74,0.0,0.0,0.0,0.0,-0.0006430634939714741,0.12607238457303974
2025-02-09,60430.054365,0.0,0.62646,96462.75,0.0,0.0,0.0,0.0,0.00018673905907151678,0.12628266627058132
2025-02-10,61036.51149720001,0.0,0.62646,97430.82,0.0,0.0,0.0,0.0,0.010035687350816946,0.13758568697791726
2025-02-11,60001.211172,0.0,0.62646,95778.2,0.0,0.0,0.0,0.0,-0.016961983897908373,0.11828997687290681
2025-02-12,61311.63393540001,0.0,0.62646,97869.99,0.0,0.0,0.0,0.0,0.021839938524633062,0.14271336122052442
2025-02-13,60521.135384400004,0.0,0.62646,96608.14,0.0,0.0,0.0,0.0,-0.012893124848587512,0.12798021518815916
2025-02-14,61080.1507008,0.0,0.62646,97500.48,0.0,0.0,0.0,0.0,0.009236695789816451,0.13839902529278378
2025-02-15,61123.4892036,0.0,0.62646,97569.66,0.0,0.0,0.0,0.0,0.0007095349684433927,0.13920675920927078
2025-02-16,60214.1574552,0.0,0.62646,96118.12,0.0,0.0,0.0,0.0,-0.014876960727340904,0.12225882499219322
2025-02-17,60002.338800000005,0.0,0.62646,95780.0,0.0,0.0,0.0,0.0,-0.0035177550289164916,0.11831099336683105
2025-02-18,59934.51824040001,0.0,0.62646,95671.74,0.0,0.0,0.0,0.0,-0.0011302986009604776,0.1170469680155898
2025-02-19,60543.8320302,0.0,0.62646,96644.37,0.0,0.0,0.0,0.0,0.01016632497746972,0.12840323050753347
2025-02-20,61584.1503,0.0,0.62646,98305.0,0.0,0.0,0.0,0.0,0.017182894357943512,0.14779246401050658
2025-02-21,60254.1631908,0.0,0.62646,96181.98,0.0,0.0,0.0,0.0,-0.02159625654849706,0.12300444349330408
2025-02-22,60485.345724599996,0.0,0.62646,96551.01,0.0,0.0,0.0,0.0,0.0038367893861199764,0.12731317502266468
2025-02-23,60301.786680000005,0.0,0.62646,96258.0,0.0,0.0,0.0,0.0,-0.00303476887502252,0.1238920400867031
2025-02-24,57354.21720480001,0.0,0.62646,91552.88,0.0,0.0,0.0,0.0,-0.04888030085811046,0.06895585903522951
2025-02-25,55554.723384,0.0,0.62646,88680.4,0.0,0.0,0.0,0.0,-0.0313750916410277,0.03541727099778567
2025-02-26,52779.3113814,0.0,0.62646,84250.09,0.0,0.0,0.0,0.0,-0.04995816437454037,-0.01631027522295974
2025-02-27,53066.537026800004,0.0,0.62646,84708.58,0.0,0.0,0.0,0.0,0.005442011990729023,-0.010957023945566115
2025-02-28,52841.8634124,0.0,0.62646,84349.94,0.0,0.0,0.0,0.0,-0.0042338096093690325,-0.015144443601664304
2025-03-01,53915.9854638,0.0,0.62646,86064.53,0.0,0.0,0.0,0.0,0.02032710396711601,0.004874817685836608
2025-03-02,59056.3842,0.0,0.62646,94270.0,0.0,0.0,0.0,0.0,0.0953409029248169,0.10068049013041507
2025-03-03,54013.7633406,0.0,0.62646,86220.61,0.0,0.0,0.0,0.0,-0.08538654927336375,0.006697181225664266
2025-03-04,54678.6691908,0.0,0.62646,87281.98,0.0,0.0,0.0,0.0,0.012309933784973248,0.019089556868071324
2025-03-05,56761.041024599996,0.0,0.62646,90606.01,0.0,0.0,0.0,0.0,0.038083806073143656,0.057900365923000754
2025-03-06,56338.7318094,0.0,0.62646,89931.89,0.0,0.0,0.0,0.0,-0.007440124556858829,0.05002945543178714
2025-03-07,54377.824305,0.0,0.62646,86801.75,0.0,0.0,0.0,0.0,-0.034805673493573774,0.013482473047393223
2025-03-08,54014.916027,0.0,0.62646,86222.45,0.0,0.0,0.0,0.0,-0.006673828580645025,0.006718664752786731
2025-03-09,50576.8534302,0.0,0.62646,80734.37,0.0,0.0,0.0,0.0,-0.0636502442229373,-0.057359224122517524
2025-03-10,49237.1624556,0.0,0.62646,78595.86,0.0,0.0,0.0,0.0,-0.02648822304552556,-0.0823281032457676
2025-03-11,51954.200915400004,0.0,0.62646,82932.99,0.0,0.0,0.0,0.0,0.055182677560879245,-0.03168851086049837
2025-03-12,52422.2479752,0.0,0.62646,83680.12,0.0,0.0,0.0,0.0,0.009008839546240877,-0.022965148024059107
2025-03-13,50815.791538800004,0.0,0.62646,81115.78,0.0,0.0,0.0,0.0,-0.030644554525017353,-0.05290594581827807
2025-03-14,52612.115472,0.0,0.62646,83983.2,0.0,0.0,0.0,0.0,0.03534971863674352,-0.019426437480421447
2025-03-15,52834.6591224,0.0,0.62646,84338.44,0.0,0.0,0.0,0.0,0.004229893597767154,-0.015278715646180082
2025-03-16,51729.6400638,0.0,0.62646,82574.53,0.0,0.0,0.0,0.0,-0.020914662400679962,-0.035873828867204215
2025-03-17,52628.9233938,0.0,0.62646,84010.03,0.0,0.0,0.0,0.0,0.01738429513313622,-0.019113174962651115
2025-03-18,51817.6576938,0.0,0.62646,82715.03,0.0,0.0,0.0,0.0,-0.015414826063030906,-0.034233374758120445
2025-03-19,54405.507572400005,0.0,0.62646,86845.94,0.0,0.0,0.0,0.0,0.04994146771149088,0.013998427973232504
2025-03-20,52762.584899400004,0.0,0.62646,84223.39,0.0,0.0,0.0,0.0,-0.030197727147636355,-0.016622019882835404
2025-03-21,52678.2633834,0.0,0.62646,84088.79,0.0,0.0,0.0,0.0,-0.0015981308755205204,-0.018193586595167642
2025-03-22,52522.7760114,0.0,0.62646,83840.59,0.0,0.0,0.0,0.0,-0.0029516419489447054,-0.02109152759071633
2025-03-23,53927.24295,0.0,0.62646,86082.5,0.0,0.0,0.0,0.0,0.02674015056430301,0.00508463235017985
2025-03-24,54814.0973136,0.0,0.62646,87498.16,0.0,0.0,0.0,0.0,0.01644538669299811,0.021613637788368337
2025-03-25,54748.137340199995,0.0,0.62646,87392.87,0.0,0.0,0.0,0.0,-0.0012033395902270039,0.02038428965210182
2025-03-26,54445.1186382,0.0,0.62646,86909.17,0.0,0.0,0.0,0.0,-0.005534776464029556,0.0147366907014699
2025-03-27,54647.3649846,0.0,0.62646,87232.01,0.0,0.0,0.0,0.0,0.003714682811951864,0.018506115645075455
2025-03-28,52888.497094800005,0.0,0.62646,84424.38,0.0,0.0,0.0,0.0,-0.0321857767578666,-0.014275294819598824
2025-03-29,51776.0043684,0.0,0.62646,82648.54,0.0,0.0,0.0,0.0,-0.02103468216171689,-0.03500970069202068
2025-03-30,51614.03313540001,0.0,0.62646,82389.99,0.0,0.0,0.0,0.0,-0.0031283069247197703,-0.038028486527633285
2025-03-31,51714.2792646,0.0,0.62646,82550.01,0.0,0.0,0.0,0.0,0.0019422262340362817,-0.03616012021777164
2025-04-01,53348.2936764,0.0,0.62646,85158.34,0.0,0.0,0.0,0.0,0.0315969677047887,-0.00570570266370505
2025-04-02,51693.1550334,0.0,0.62646,82516.29,0.0,0.0,0.0,0.0,-0.0310251468030025,-0.03655382920395179
2025-04-03,52129.6723614,0.0,0.62646,83213.09,0.0,0.0,0.0,0.0,0.008444393222235336,-0.028418110889293087
2025-04-04,52558.92077139999,1.0783177000001496,0.62651,83889.87,0.0,0.0,0.0,0.0,0.008234243388758333,-0.020417869142245974
2025-04-05,52338.464432600005,1.0783177000001496,0.62651,83537.99,0.0,0.0,0.0,0.0,-0.004194460912902764,-0.024526688101106774
2025-04-06,49138.2576177,1.0783177000001496,0.62651,78430.0,0.0,0.0,0.0,0.0,-0.06114445369372923,-0.08417147084997732
2025-04-07,49597.6398101,1.0783177000001496,0.62651,79163.24,0.0,0.0,0.0,0.0,0.009348768447876799,-0.07560960199299409
2025-04-08,47817.8376719,1.0783177000001496,0.62651,76322.42,0.0,0.0,0.0,0.0,-0.0358848151850476,-0.10878118058430813
2025-04-09,51760.3397999,1.0783177000001496,0.62651,82615.22,0.0,0.0,0.0,0.0,0.08244835651187965,-0.03530165363102669
2025-04-10,49875.8478407,1.0783177000001496,0.62651,79607.3,0.0,0.0,0.0,0.0,-0.03640802912974006,-0.07042441912704028
2025-04-11,52266.948316099995,1.0783177000001496,0.62651,83423.84,0.0,0.0,0.0,0.0,0.047941049203554575,-0.025859590465986994
2025-04-12,53427.9089367,1.0783177000001496,0.62651,85276.9,0.0,0.0,0.0,0.0,0.022212137077120886,-0.004221850157054878
2025-04-13,52477.555917699996,1.0783177000001496,0.62651,83760.0,0.0,0.0,0.0,0.0,-0.017787576529075033,-0.02193433020336699
2025-04-14,52998.5491035,1.0783177000001496,0.62651,84591.58,0.0,0.0,0.0,0.0,0.009927923979864417,-0.01222416858631092
2025-04-15,52404.8744926,1.0783177000001496,0.62651,83643.99,0.0,0.0,0.0,0.0,-0.011201714404306173,-0.0232889513452831
2025-04-16,87115.91595416,85851.25873516,0.01505000000000001,84030.38,0.0,0.0,0.0,0.0,0.6623628392901022,0.6236481520076684
2025-04-17,87129.72478065999,85851.25873516,0.01505000000000001,84947.91,0.0,0.0,0.0,0.0,0.00015851094887486816,0.6239055180168821
2025-04-18,87122.60281966,85851.25873516,0.01505000000000001,84474.69,0.0,0.0,0.0,0.0,-8.173973942793289e-05,0.6237727804029838
2025-04-19,87131.66773566,85851.25873516,0.01505000000000001,85077.01,0.0,0.0,0.0,0.0,0.00010404780971429162,0.6239417304042586
2025-04-20,87133.20629716,85851.25873516,0.01505000000000001,85179.24,0.0,0.0,0.0,0.0,1.7657891097311307e-05,0.6239704057904824
2025-04-21,87400.68000826,0.8465941599968687,0.99867,87516.23,0.0,0.0,0.0,0.0,0.0030697104177230816,0.6289555246632113
2025-04-22,93319.55741746,0.8465941599968687,0.99867,93442.99,0.0,0.0,0.0,0.0,0.067721182588518,0.7392703191775037
2025-04-23,93567.31745776,0.8465941599968687,0.99867,93691.08,0.0,0.0,0.0,0.0,0.0026549637306105822,0.7438880187926477
2025-04-24,93856.32256906,0.8465941599968687,0.99867,93980.47,0.0,0.0,0.0,0.0,0.0030887399484382794,0.7492744353818954
2025-04-25,94513.65714976,0.8465941599968687,0.99867,94638.68,0.0,0.0,0.0,0.0,0.00700362599670723,0.7615256992929114
2025-04-26,94502.99135416,0.8465941599968687,0.99867,94628.0,0.0,0.0,0.0,0.0,-0.00011284925291910053,0.7613269124337484
2025-04-27,93625.46002515999,0.8465941599968687,0.99867,93749.3,0.0,0.0,0.0,0.0,-0.009285751873306936,0.7449716677571107
2025-04-28,94885.66172476,0.8465941599968687,0.99867,95011.18,0.0,0.0,0.0,0.0,0.013460032124395838,0.7684590424612822
2025-04-29,94132.30502356001,0.8465941599968687,0.99867,94256.82,0.0,0.0,0.0,0.0,-0.007939626361939567,0.7544181384277462
2025-04-30,180522.828631,86476.07739100001,0.99867,94172.0,0.0,0.0,0.0,0.0,0.9177563811469149,2.364546580169702
2025-05-01,189848.95472287,4.091898769982436,1.96751,96489.91,0.0,0.0,0.0,0.0,0.05166175470767276,2.5383649602969682
2025-05-02,190630.50872016998,4.091898769982436,1.96751,96887.14,0.0,0.0,0.0,0.0,0.004116714776970287,2.5529313996153364
2025-05-03,188602.55681297,4.091898769982436,1.96751,95856.42,0.0,0.0,0.0,0.0,-0.010638128811673364,2.5151348577271895
2025-05-04,185496.25202497,4.091898769982436,1.96751,94277.62,0.0,0.0,0.0,0.0,-0.016470109634199814,2.457240201241426
2025-05-05,186393.55463556998,4.091898769982436,1.96751,94733.68,0.0,0.0,0.0,0.0,0.004837308575265542,2.4739639389136436
2025-05-06,195364.70823358002,2.0728835799823173,2.0175,96834.02,0.0,0.0,0.0,0.0,0.048130170678648776,2.6411664162250283
2025-05-07,195761.10663358,2.0728835799823173,2.0175,97030.5,0.0,0.0,0.0,0.0,0.002029017439147962,2.648554406382389
2025-05-08,208332.35088358002,2.0728835799823173,2.0175,103261.6,0.0,0.0,0.0,0.0,0.0642172720934322,2.8828546174447376
2025-05-09,272751.0451894,65005.05536439998,2.0175,102971.99,0.0,0.0,0.0,0.0,0.30921119083333526,4.08347671753754
2025-05-10,276458.2821394,65005.05536439998,2.0175,104809.53,0.0,0.0,0.0,0.0,0.013592017392364708,4.152571421495991
2025-05-11,275063.1203644,65005.05536439998,2.0175,104118.0,0.0,0.0,0.0,0.0,-0.005046554453726038,4.126568689240699
2025-05-12,272386.5434644,65005.05536439998,2.0175,102791.32,0.0,0.0,0.0,0.0,-0.00973077341831241,4.076683210912282
2025-05-13,271109.8157401001,270899.52622569987,0.002020000000002114,104103.72,0.0,0.0,0.0,0.0,-0.004687190887117887,4.05288782762931
2025-05-14,271108.6120221001,270899.52622569987,0.002020000000002114,103507.82,0.0,0.0,0.0,0.0,-4.439964656932638e-06,4.05286539298594
2025-05-15,271109.1289199001,270899.52622569987,0.002020000000002114,103763.71,0.0,0.0,0.0,0.0,1.9066078209561965e-06,4.052875026818617
2025-05-16,271108.5233037001,270899.52622569987,0.002020000000002114,103463.9,0.0,0.0,0.0,0.0,-2.2338465783811046e-06,4.052863739471027
2025-05-17,271107.8420587001,270899.52622569987,0.002020000000002114,103126.65,0.0,0.0,0.0,0.0,-2.5128129196305693e-06,4.052851042569741
2025-05-18,271114.5638309001,270899.52622569987,0.002020000000002114,106454.26,0.0,0.0,0.0,0.0,2.4793721011384662e-05,4.052976321548803
2025-05-19,271112.78518050007,270899.52622569987,0.002020000000002114,105573.74,0.0,0.0,0.0,0.0,-6.560512186837286e-06,4.052943171436065
2025-05-20,271115.3632055001,270899.52622569987,0.002020000000002114,106849.99,0.0,0.0,0.0,0.0,9.509049889944166e-06,4.052991220124773
2025-05-21,271121.0070855001,270899.52622569987,0.002020000000002114,109643.99,0.0,0.0,0.0,0.0,2.081726366687242e-05,4.053096409575309
2025-05-22,271125.1525699001,270899.52622569987,0.002020000000002114,111696.21,0.0,0.0,0.0,0.0,1.529016303281061e-05,4.053173672243233
2025-05-23,271116.3091917001,270899.52622569987,0.002020000000002114,107318.3,0.0,0.0,0.0,0.0,-3.261732862558375e-05,4.053008851216963
2025-05-24,271117.2052839001,270899.52622569987,0.002020000000002114,107761.91,0.0,0.0,0.0,0.0,3.3051947434525886e-06,4.0530255523952565
2025-05-25,271119.7146895001,270899.52622569987,0.002020000000002114,109004.19,0.0,0.0,0.0,0.0,9.255796205920319e-06,4.053072322169993
2025-05-26,271120.5845015001,270899.52622569987,0.002020000000002114,109434.79,0.0,0.0,0.0,0.0,3.2082211396389226e-06,4.053088533543437
2025-05-27,271119.5813291001,270899.52622569987,0.002020000000002114,108938.17,0.0,0.0,0.0,0.0,-3.7000967737510493e-06,4.0530698366268565
2025-05-28,271117.2454213001,270899.52622569987,0.002020000000002114,107781.78,0.0,0.0,0.0,0.0,-8.61578418109854e-06,4.053026300467692
2025-05-29,271112.8175207001,270899.52622569987,0.002020000000002114,105589.75,0.0,0.0,0.0,0.0,-1.6332050707945633e-05,4.052943774185924
2025-05-30,271109.57689530007,270899.52622569987,0.002020000000002114,103985.48,0.0,0.0,0.0,0.0,-1.1953051241464507e-05,4.0528833760900715
2025-05-31,271110.8018233001,270899.52622569987,0.002020000000002114,104591.88,0.0,0.0,0.0,0.0,4.518202617598277e-06,4.052906206040968
2025-06-01,271112.9249443001,270899.52622569987,0.002020000000002114,105642.93,0.0,0.0,0.0,0.0,7.831192950336074e-06,4.052945776324428
2025-06-02,271113.3593655001,270899.52622569987,0.002020000000002114,105857.99,0.0,0.0,0.0,0.0,1.6023625584171697e-06,4.052953872975549
2025-06-03,271112.3875435001,270899.52622569987,0.002020000000002114,105376.89,0.0,0.0,0.0,0.0,-3.5845596183525785e-06,4.052935760361143
2025-06-04,271111.01388290006,270899.52622569987,0.002020000000002114,104696.86,0.0,0.0,0.0,0.0,-5.06675704670112e-06,4.052910158363272
2025-06-05,271104.5737593001,270899.52622569987,0.002020000000002114,101508.68,0.0,0.0,0.0,0.0,-2.3754562781141964e-05,4.052790128691687
2025-06-06,271110.1888745001,270899.52622569987,0.002020000000002114,104288.44,0.0,0.0,0.0,0.0,2.0711989923816176e-05,4.052894782029919
2025-06-07,271112.7415687001,270899.52622569987,0.002020000000002114,105552.15,0.0,0.0,0.0,0.0,9.415707357351977e-06,4.052942358608495
2025-06-08,271113.1089057001,270899.52622569987,0.002020000000002114,105734.0,0.0,0.0,0.0,0.0,1.3549234088028328e-06,4.052949204958379
2025-06-09,271122.2575261001,270899.52622569987,0.002020000000002114,110263.02,0.0,0.0,0.0,0.0,3.374466264993714e-05,4.053119715024688
2025-06-10,271122.2804935001,270899.52622569987,0.002020000000002114,110274.39,0.0,0.0,0.0,0.0,8.47123369229763e-08,4.053120143086268
2025-06-11,271118.9893681001,270899.52622569987,0.002020000000002114,108645.12,0.0,0.0,0.0,0.0,-1.213889686235703e-05,4.053058803782018
2025-06-12,271112.9831203001,270899.52622569987,0.002020000000002114,105671.73,0.0,0.0,0.0,0.0,-2.2153548941750145e-05,4.052946860596502
2025-06-13,271113.7807375001,270899.52622569987,0.002020000000002114,106066.59,0.0,0.0,0.0,0.0,2.9420103413446697e-06,4.05296172641842
2025-06-14,271112.4637985001,270899.52622569987,0.002020000000002114,105414.64,0.0,0.0,0.0,0.0,-4.85751405354673e-06,4.052937181585822
2025-06-15,271112.8261259001,270899.52622569987,0.002020000000002114,105594.01,0.0,0.0,0.0,0.0,1.3364468565146836e-06,4.052943934567835
2025-06-16,271115.2511763001,270899.52622569987,0.002020000000002114,106794.53,0.0,0.0,0.0,0.0,8.944801449084494e-06,4.052989132148063
2025-06-17,271110.7195891001,270899.52622569987,0.002020000000002114,104551.17,0.0,0.0,0.0,0.0,-1.6714615575286196e-05,4.052904673377213
2025-06-18,270747.81752130017,165649.1662256999,1.0020200000000021,104886.78,0.0,0.0,0.0,0.0,-0.0013385751339893837,4.046140980827012
2025-06-19,270519.1665775001,165649.1662256999,1.0020200000000021,104658.59,0.0,0.0,0.0,0.0,-0.0008445162952497309,4.0418794325405765
2025-06-20,269155.8181655001,165649.1662256999,1.0020200000000021,103297.99,0.0,0.0,0.0,0.0,-0.00503974793819062,4.016469631065824
2025-06-21,267975.45864590013,165649.1662256999,1.0020200000000021,102120.01,0.0,0.0,0.0,0.0,-0.004385413355152523,3.994470338150031
2025-06-22,265447.3585636999,63315.67154629986,2.0020200000000004,100963.87,0.0,0.0,0.0,0.0,-0.00943407316093392,3.947352139579809
2025-06-23,274196.3060848999,63315.67154629986,2.0020200000000004,105333.93,0.0,0.0,0.0,0.0,0.03295925628546237,4.11041318668265
2025-06-24,275695.9592062999,63315.67154629986,2.0020200000000004,106083.0,0.0,0.0,0.0,0.0,0.0054692681415471345,4.138363406714716
2025-06-25,278213.6595178999,63315.67154629986,2.0020200000000004,107340.58,0.0,0.0,0.0,0.0,0.009132162541838573,4.18528777654387
2025-06-26,277425.8246074999,63315.67154629986,2.0020200000000004,106947.06,0.0,0.0,0.0,0.0,-0.0028317621491527056,4.170604274885789
2025-06-27,277627.0876780999,63315.67154629986,2.0020200000000004,107047.59,0.0,0.0,0.0,0.0,0.0007254662426787739,4.174355373741468
2025-06-28,278125.99106209987,63315.67154629986,2.0020200000000004,107296.79,0.0,0.0,0.0,0.0,0.0017970270414622291,4.1836538302702175
2025-06-29,280248.4125448999,63315.67154629986,2.0020200000000004,108356.93,0.0,0.0,0.0,0.0,0.007631151172513562,4.223211076274988
2025-06-30,277825.1074762999,63315.67154629986,2.0020200000000004,107146.5,0.0,0.0,0.0,0.0,-0.008646989456940202,4.178046025167065
2025-07-01,274891.4274490999,63315.67154629986,2.0020200000000004,105681.14,0.0,0.0,0.0,0.0,-0.010559448906000246,4.123368712731396
2025-07-02,281234.7477382999,63315.67154629986,2.0020200000000004,108849.6,0.0,0.0,0.0,0.0,0.023075729745608564,4.241594184533492
2025-07-03,282706.5928018999,63315.67154629986,2.0020200000000004,109584.78,0.0,0.0,0.0,0.0,0.00523351070746636,4.269026123822441
2025-07-04,279502.2797110999,63315.67154629986,2.0020200000000004,107984.24,0.0,0.0,0.0,0.0,-0.011334412328492527,4.209304809165439
2025-07-05,279930.4717486999,63315.67154629986,2.0020200000000004,108198.12,0.0,0.0,0.0,0.0,0.001531980483459927,4.217285362465475
2025-07-06,279608.0815030999,279169.0820662999,0.0040199999999996835,109203.84,0.0,0.0,0.0,0.0,-0.0011516797138448887,4.211276720752183
2025-07-07,279604.2990850999,279169.0820662999,0.0040199999999996835,108262.94,0.0,0.0,0.0,0.0,-1.3527570375093667e-05,4.211206224839599
2025-07-08,279606.9524458999,279169.0820662999,0.0040199999999996835,108922.98,0.0,0.0,0.0,0.0,9.489699581477495e-06,4.211255677621129
2025-07-09,279616.2427060999,279169.0820662999,0.0040199999999996835,111233.99,0.0,0.0,0.0,0.0,3.322614162026838e-05,4.211428827540294
2025-07-10,279635.44226629985,279169.0820662999,0.0040199999999996835,116010.0,0.0,0.0,0.0,0.0,6.866396606342029e-05,4.2117866649124505
2025-07-11,279641.5432594999,279169.0820662999,0.0040199999999996835,117527.66,0.0,0.0,0.0,0.0,2.1817667855694722e-05,4.21190037394284
2025-07-12,279641.11046629987,279169.0820662999,0.0040199999999996835,117420.0,0.0,0.0,0.0,0.0,-1.5476713329798386e-06,4.211892307634041
2025-07-13,279647.8103590999,279169.0820662999,0.0040199999999996835,119086.64,0.0,0.0,0.0,0.0,2.395889784878591e-05,4.212017178829439
2025-07-14,279650.84360989986,279169.0820662999,0.0040199999999996835,119841.18,0.0,0.0,0.0,0.0,1.0846681746112807e-05,4.212073711921033
2025-07-15,280142.46958809986,279669.0820662999,0.0040199999999996835,117758.09,0.0,0.0,0.0,0.0,0.001757999267421484,4.221236533688337
2025-07-16,280145.9763948999,279669.0820662999,0.0040199999999996835,118630.43,0.0,0.0,0.0,0.0,1.25179406220699e-05,4.221301892817239
2025-07-17,280148.1758574999,279669.0820662999,0.0040199999999996835,119177.56,0.0,0.0,0.0,0.0,7.851130429559205e-06,4.221342885939412
2025-07-18,280143.1399230999,279669.0820662999,0.0040199999999996835,117924.84,0.0,0.0,0.0,0.0,-1.7975967127270565e-05,4.221249027251334
2025-07-19,280142.79886629985,279669.0820662999,0.0040199999999996835,117840.0,0.0,0.0,0.0,0.0,-1.2174376289308952e-06,4.221242670706298
2025-07-20,280140.4878486999,279669.0820662999,0.0040199999999996835,117265.12,0.0,0.0,0.0,0.0,-8.24942711108445e-06,4.221199598445457
2025-07-21,280140.9511134999,279669.0820662999,0.0040199999999996835,117380.36,0.0,0.0,0.0,0.0,1.6536874178907368e-06,4.221208232677538
2025-07-22,278730.4720882099,278248.2553198099,0.0040199999999996835,119954.42,0.0,0.0,0.0,0.0,-0.0050348905423631685,4.194920020727121
2025-07-23,278725.65439960983,278248.2553198099,0.0040199999999996835,118755.99,0.0,0.0,0.0,0.0,-1.7284398666439493e-05,4.194830229658443
2025-07-24,278723.9860996099,278248.2553198099,0.0040199999999996835,118340.99,0.0,0.0,0.0,0.0,-5.985455495904901e-06,4.194799136233295
2025-07-25,278721.06484600983,278248.2553198099,0.0040199999999996835,117614.31,0.0,0.0,0.0,0.0,-1.0480811647783916e-05,4.194744690522
2025-07-26,278722.29367960984,278248.2553198099,0.0040199999999996835,117919.99,0.0,0.0,0.0,0.0,4.4088293100763565e-06,4.1947675932646495
2025-07-27,278728.30583080987,278248.2553198099,0.0040199999999996835,119415.55,0.0,0.0,0.0,0.0,2.1570399413306518e-05,4.194879646476495
2025-07-28,278722.86584620987,278248.2553198099,0.0040199999999996835,118062.32,0.0,0.0,0.0,0.0,-1.9517158775017585e-05,4.194778257185617
2025-07-29,278722.41737500986,278248.2553198099,0.0040199999999996835,117950.76,0.0,0.0,0.0,0.0,-1.6090219173703346e-06,4.194769898673545
2025-07-30,278721.9733258099,278248.2553198099,0.0040199999999996835,117840.3,0.0,0.0,0.0,0.0,-1.593159259183352e-06,4.194761622577782
2025-07-31,278713.62692140986,278248.2553198099,0.0040199999999996835,115764.08,0.0,0.0,0.0,0.0,-2.9945268757991528e-05,4.19460606404486
2025-08-01,273026.47350161005,4501.315567209827,2.370080000000002,113297.93,0.0,0.0,0.0,0.0,-0.020405006682373106,4.0886100925957285
2025-08-02,271245.1687752101,4501.315567209827,2.370080000000002,112546.35,0.0,0.0,0.0,0.0,-0.006524293060502173,4.055410509081005
2025-08-03,275185.30827121006,4501.315567209827,2.370080000000002,114208.8,0.0,0.0,0.0,0.0,0.014526118617306238,4.128846001795092
2025-08-04,277190.94106961007,4501.315567209827,2.370080000000002,115055.03,0.0,0.0,0.0,0.0,0.00728829896842953,4.166226564819209
2025-08-05,274997.9534472101,4501.315567209827,2.370080000000002,114129.75,0.0,0.0,0.0,0.0,-0.007911469306817187,4.125354121919578
2025-08-06,277042.1948488101,4501.315567209827,2.370080000000002,114992.27,0.0,0.0,0.0,0.0,0.00743366041810356,4.163454263984456
2025-08-07,282919.3770280101,4501.315567209827,2.370080000000002,117472.01,0.0,0.0,0.0,0.0,0.021214032694215845,4.272991951555711
2025-08-08,281029.7833464101,4501.315567209827,2.370080000000002,116674.74,0.0,0.0,0.0,0.0,-0.006678912209724386,4.237774101228687
2025-08-09,280526.22223113006,4501.3727511298275,2.370080000000002,116462.25,0.0,0.0,0.0,0.0,-0.0017918425203328203,4.228388834882207
2025-08-10,287237.83791753004,4501.4906967298275,2.370080000000002,119294.01,0.0,0.0,0.0,0.0,0.02392509203959614,4.35347851897556
2025-08-11,285796.80557673005,4501.4906967298275,2.370080000000002,118686.0,0.0,0.0,0.0,0.0,-0.005016861118463556,4.326620860745183
2025-08-12,289228.87102313,4501.4906967298275,2.370080000000002,120134.08,0.0,0.0,0.0,0.0,0.012008760697916676,4.390586975990402
2025-08-13,296097.76865633007,295309.84056862985,0.006390000000001672,123306.43,0.0,0.0,0.0,0.0,0.02374900406346625,4.518608047987666
2025-08-14,296066.76253596006,295310.8569108599,0.006390000000001672,118295.09,0.0,0.0,0.0,0.0,-0.00010471581907123273,4.518030162425788
2025-08-15,296060.6726103601,295310.8569108599,0.006390000000001672,117342.05,0.0,0.0,0.0,0.0,-2.056943355555063e-05,4.5179166596710045
2025-08-16,296060.91932826006,295310.8569108599,0.006390000000001672,117380.66,0.0,0.0,0.0,0.0,8.333356058543018e-07,4.517921257947427
2025-08-17,296061.0749247601,295310.8569108599,0.006390000000001672,117405.01,0.0,0.0,0.0,0.0,5.255556876360146e-07,4.517924157922328
2025-08-18,297266.1658988602,35045.15612335994,2.2561100000000023,116227.05,0.0,0.0,0.0,0.0,0.00407041342535952,4.540384390494851
2025-08-19,289699.5448832502,35045.77621984994,2.2561100000000023,112872.94,0.0,0.0,0.0,0.0,-0.02545402700886057,4.399359296579726
2025-08-20,292854.2634962502,35045.77621984994,2.2561100000000023,114271.24,0.0,0.0,0.0,0.0,0.01088962226113055,4.458156279771602
2025-08-21,280857.1512198502,27044.77621984994,2.2561100000000023,112500.0,0.0,0.0,0.0,0.0,-0.040966152014220714,4.234556619897105
2025-08-22,291505.5241074103,7547.52087060994,2.4283200000000025,116935.99,0.0,0.0,0.0,0.0,0.037913839264234195,4.433018758203417
2025-08-23,287868.6281279302,7548.10255192994,2.4283200000000025,115438.05,0.0,0.0,0.0,0.0,-0.012476250632355024,4.365235054485785
2025-08-24,283146.8634940802,7548.10902527994,2.4283200000000025,113493.59,0.0,0.0,0.0,0.0,-0.016402498127554344,4.2772317965506925
2025-08-25,283730.45981870027,1212.8493732999586,2.5657300000000025,110111.98,0.0,0.0,0.0,0.0,0.0020611082087167443,4.288108742325865
2025-08-26,287967.09582390025,1212.8493732999586,2.5657300000000025,111763.22,0.0,0.0,0.0,0.0,0.01493190406101319,4.367070274730479
2025-08-27,286681.1262906002,1212.8493732999586,2.5657300000000025,111262.01,0.0,0.0,0.0,0.0,-0.004465682197546728,4.343102644551633
2025-08-28,290029.1217103003,1212.8493732999586,2.5657300000000025,112566.9,0.0,0.0,0.0,0.0,0.011678464721483817,4.405501880289297
2025-08-29,279279.99587530026,1212.8493732999586,2.5657300000000025,108377.4,0.0,0.0,0.0,0.0,-0.037062229377562095,4.2051619297011715
2025-08-30,280406.1717442002,1212.8493732999586,2.5657300000000025,108816.33,0.0,0.0,0.0,0.0,0.004032425829033626,4.226151359110801
2025-08-31,278943.75695880025,1212.8493732999586,2.5657300000000025,108246.35,0.0,0.0,0.0,0.0,-0.005215344499385877,4.1988951793671045
2025-09-01,281486.5749899002,1212.8493732999586,2.5657300000000025,109237.42,0.0,0.0,0.0,0.0,0.009115880774042795,4.246287687978961
2025-09-02,286624.68023060024,1212.8493732999586,2.5657300000000025,111240.01,0.0,0.0,0.0,0.0,0.018253464631073024,4.342050614735919
2025-09-03,288429.2698041003,1213.7823662999585,2.5711800000000027,111705.71,0.0,0.0,0.0,0.0,0.0062960020471656275,4.375684176342358
2025-09-04,285922.78069290024,1213.7823662999585,2.5711800000000027,110730.87,0.0,0.0,0.0,0.0,-0.0086901343712531,4.328968758512524
2025-09-05,285740.53545450023,1213.7823662999585,2.5711800000000027,110659.99,0.0,0.0,0.0,0.0,-0.0006373932079086764,4.3255721100206905
2025-09-06,284526.88707090024,1213.7823662999585,2.5711800000000027,110187.97,0.0,0.0,0.0,0.0,-0.004247379118505368,4.302952386246494
2025-09-07,286967.88822750025,1213.7823662999585,2.5711800000000027,111137.34,0.0,0.0,0.0,0.0,0.00857915813064003,4.3484472533273575
2025-09-08,289353.6604377002,1213.7823662999585,2.5711800000000027,112065.23,0.0,0.0,0.0,0.0,0.008313725361175583,4.392912774900255
2025-09-09,288019.62940650026,1213.7823662999585,2.5711800000000027,111546.39,0.0,0.0,0.0,0.0,-0.004610382426757598,4.368049384613818
2025-09-10,294225.45516630023,1213.7823662999585,2.5711800000000027,113960.0,0.0,0.0,0.0,0.0,0.021546537548804645,4.483712262243238
2025-09-11,298140.56524050026,1213.7823662999585,2.5711800000000027,115482.69,0.0,0.0,0.0,0.0,0.01330649678827811,4.5566812618486185
2025-09-12,299546.3064819003,1213.7823662999585,2.5711800000000027,116029.42,0.0,0.0,0.0,0.0,0.004715028430519075,4.582881171977568
2025-09-13,299260.57124850026,1213.7823662999585,2.5711800000000027,115918.29,0.0,0.0,0.0,0.0,-0.0009538933621179302,4.577555698686126
2025-09-14,297588.58431810024,1213.7823662999585,2.5711800000000027,115268.01,0.0,0.0,0.0,0.0,-0.0055870605453454125,4.5463935573025305
2025-09-15,297798.64972410025,1213.7823662999585,2.5711800000000027,115349.71,0.0,0.0,0.0,0.0,0.0007058920169311644,4.550308712237388
2025-09-16,301499.2205391003,1213.7823662999585,2.5711800000000027,116788.96,0.0,0.0,0.0,0.0,0.012426419053372051,4.619279174171233
2025-09-17,300621.49682250025,1213.7823662999585,2.5711800000000027,116447.59,0.0,0.0,0.0,0.0,-0.0029111972993847157,4.602920343814897
2025-09-18,302230.90123170026,1213.7823662999585,2.5711800000000027,117073.53,0.0,0.0,0.0,0.0,0.005353590565581712,4.63291608530725
2025-09-19,298525.4451747003,1213.7823662999585,2.5711800000000027,115632.38,0.0,0.0,0.0,0.0,-0.01226034810437615,4.563854573258643
2025-09-20,298662.36050970026,1213.7823662999585,2.5711800000000027,115685.63,0.0,0.0,0.0,0.0,0.0004586387432397032,4.56640637252769
2025-09-21,297496.74176850024,1213.7823662999585,2.5711800000000027,115232.29,0.0,0.0,0.0,0.0,-0.0039027975912691026,4.544681815144965
2025-09-22,290859.75483450026,1213.7823662999585,2.5711800000000027,112650.99,0.0,0.0,0.0,0.0,-0.022309444112045496,4.420983046070913
2025-09-23,289182.8569503003,1213.7823662999585,2.5711800000000027,111998.8,0.0,0.0,0.0,0.0,-0.0057653142324696205,4.389729375361424
2025-09-24,292546.4746263003,1213.7823662999585,2.5711800000000027,113307.0,0.0,0.0,0.0,0.0,0.011631455998023066,4.452419775432192
2025-09-25,281458.23516450025,1213.7823662999585,2.5711800000000027,108994.49,0.0,0.0,0.0,0.0,-0.03790248874461455,4.245759496262959
2025-09-26,283126.85384910024,1213.7823662999585,2.5711800000000027,109643.46,0.0,0.0,0.0,0.0,0.00592847703896382,4.27685886098848
2025-09-27,283107.28716930025,1213.7823662999585,2.5711800000000027,109635.85,0.0,0.0,0.0,0.0,-6.910923331349128e-05,4.276494181318293
2025-09-28,289607.48732730024,1213.7823662999585,2.5711800000000027,112163.95,0.0,0.0,0.0,0.0,0.02296020078816552,4.397643547178949
2025-09-29,295130.4076791003,1213.7823662999585,2.5711800000000027,114311.96,0.0,0.0,0.0,0.0,0.01907036452257982,4.5005785771866025
2025-09-30,294454.11020370026,1213.7823662999585,2.5711800000000027,114048.93,0.0,0.0,0.0,0.0,-0.0022915208253816433,4.487973886825331
2025-10-01,306142.8487545003,1213.7823662999585,2.5711800000000027,118594.99,0.0,0.0,0.0,0.0,0.03969629951069065,4.705826141943599
2025-10-02,311116.4364993003,1213.7823662999585,2.5711800000000027,120529.35,0.0,0.0,0.0,0.0,0.016245970680139665,4.798522826151588
2025-10-03,315494.25612630026,1213.7823662999585,2.5711800000000027,122232.0,0.0,0.0,0.0,0.0,0.01407132222347185,4.880115709258524
2025-10-04,315903.07374630024,1213.7823662999585,2.5711800000000027,122391.0,0.0,0.0,0.0,0.0,0.0012958005163692388,4.887735166230892
2025-10-05,318709.0281921003,1213.7823662999585,2.5711800000000027,123482.31,0.0,0.0,0.0,0.0,0.008882327140803614,4.940031956095768
2025-10-06,321733.3272435003,1213.7823662999585,2.5711800000000027,124658.54,0.0,0.0,0.0,0.0,0.009489216758481911,4.996398206879471
2025-10-07,313182.6367473003,1213.7823662999585,2.5711800000000027,121332.95,0.0,0.0,0.0,0.0,-0.02657694982816783,4.8370322325855195
2025-10-08,318255.7034463003,1213.7823662999585,2.5711800000000027,123306.0,0.0,0.0,0.0,0.0,0.016198428979615986,4.931582984656786
2025-10-09,314623.5273193001,313533.43221529963,0.008960000000003729,121662.4,0.0,0.0,0.0,0.0,-0.01141276051825113,4.863887248558765
2025-10-10,311253.8040100002,1640.436219999768,2.745420000000004,112774.5,0.0,0.0,0.0,0.0,-0.010710334786502185,4.8010830529763995
2025-10-11,305405.7848680002,1640.436219999768,2.745420000000004,110644.4,0.0,0.0,0.0,0.0,-0.018788586891654857,4.692088899969845
2025-10-12,317250.62491600023,1640.436219999768,2.745420000000004,114958.8,0.0,0.0,0.0,0.0,0.038783941349112006,4.912850542020208
2025-10-13,317819.4759400002,1640.436219999768,2.745420000000004,115166.0,0.0,0.0,0.0,0.0,0.0017930651016071497,4.923452667978124
2025-10-14,311950.1523388002,1640.436219999768,2.745420000000004,113028.14,0.0,0.0,0.0,0.0,-0.018467476179175546,4.8140614469337635
2025-10-15,305732.1603976002,1640.436219999768,2.745420000000004,110763.28,0.0,0.0,0.0,0.0,-0.019932645951866057,4.698171818569639
2025-10-16,298679.1764176002,1640.436219999768,2.745420000000004,108194.28,0.0,0.0,0.0,0.0,-0.023069159524558125,4.566719783888715
2025-10-17,293840.0991256002,1640.436219999768,2.745420000000004,106431.68,0.0,0.0,0.0,0.0,-0.016201589109895664,4.476530077260223
2025-10-18,295908.30637420015,1640.436219999768,2.745420000000004,107185.01,0.0,0.0,0.0,0.0,0.00703854666110737,4.5150768897499765
2025-10-19,299910.4972876002,1640.436219999768,2.745420000000004,108642.78,0.0,0.0,0.0,0.0,0.013525104997691217,4.589668883754185
2025-10-20,305097.4467478002,1640.436219999768,2.745420000000004,110532.09,0.0,0.0,0.0,0.0,0.01729499136279311,4.6863421588195875
2025-10-21,298963.0253914002,1640.436219999768,2.745420000000004,108297.67,0.0,0.0,0.0,0.0,-0.020106432950488973,4.5720101014697425
2025-10-22,296958.2373448002,1640.436219999768,2.745420000000004,107567.44,0.0,0.0,0.0,0.0,-0.006705805990474434,4.534645282752323
2025-10-23,303851.2731556002,1640.436219999768,2.745420000000004,110078.18,0.0,0.0,0.0,0.0,0.023212138758745393,4.663116237036006
2025-10-24,306395.4813238002,1640.436219999768,2.745420000000004,111004.89,0.0,0.0,0.0,0.0,0.008373202263652013,4.710534654731281
2025-10-25,308156.3388034002,1640.436219999768,2.745420000000004,111646.27,0.0,0.0,0.0,0.0,0.005747008643835372,4.743353146752944
2025-10-26,316154.1041680002,1640.436219999768,2.745420000000004,114559.4,0.0,0.0,0.0,0.0,0.025953596786800093,4.892413818527968
2025-10-27,314913.8606830002,1640.436219999768,2.745420000000004,114107.65,0.0,0.0,0.0,0.0,-0.00392290806492579,4.869298420837385
2025-10-28,311594.0988190002,1640.436219999768,2.745420000000004,112898.45,0.0,0.0,0.0,0.0,-0.010541809296040316,4.807425396183366
2025-10-29,303695.08621180017,1640.436219999768,2.745420000000004,110021.29,0.0,0.0,0.0,0.0,-0.025350327997669897,4.66020525756812
2025-10-30,299032.2374296002,1640.436219999768,2.745420000000004,108322.88,0.0,0.0,0.0,0.0,-0.015353718232200997,4.573300060906997
2025-10-31,302560.4590342002,1640.436219999768,2.745420000000004,109608.01,0.0,0.0,0.0,0.0,0.011798800139167565,4.639058314441249
2025-11-01,303905.9619220002,1640.436219999768,2.745420000000004,110098.1,0.0,0.0,0.0,0.0,0.0044470546220580776,4.66413551478254
2025-11-02,305121.0299056002,1640.436219999768,2.745420000000004,110540.68,0.0,0.0,0.0,0.0,0.003998170933914746,4.686781696763498
2025-11-03,294255.64589680015,1640.436219999768,2.745420000000004,106583.04,0.0,0.0,0.0,0.0,-0.03561007909602831,4.484274950739905
2025-11-04,280292.93395240017,1640.436219999768,2.745420000000004,101497.22,0.0,0.0,0.0,0.0,-0.04745095680949796,4.224040856920934
2025-11-05,286848.8321872002,1640.436219999768,2.745420000000004,103885.16,0.0,0.0,0.0,0.0,0.02338945239309309,4.346228311843459
2025-11-06,279877.88135680015,1640.436219999768,2.745420000000004,101346.04,0.0,0.0,0.0,0.0,-0.024301827472146487,4.2163051937823335
2025-11-07,285349.61323360016,1640.436219999768,2.745420000000004,103339.08,0.0,0.0,0.0,0.0,0.0195504262440247,4.318286183739699
2025-11-08,282532.4279548002,1640.436219999768,2.745420000000004,102312.94,0.0,0.0,0.0,0.0,-0.009872749596102293,4.265780075967226
2025-11-09,289148.9450632002,1640.436219999768,2.745420000000004,104722.96,0.0,0.0,0.0,0.0,0.023418611294624636,4.389097332729281
2025-11-10,292685.5127446002,1640.436219999768,2.745420000000004,106011.13,0.0,0.0,0.0,0.0,0.012230954813364336,4.455011138690716
2025-11-11,284580.6485458002,1640.436219999768,2.745420000000004,103058.99,0.0,0.0,0.0,0.0,-0.027691374686769632,4.3039543813287295
2025-11-12,280724.3767054002,1640.436219999768,2.745420000000004,101654.37,0.0,0.0,0.0,0.0,-0.013550717029093384,4.232081996372124
2025-11-13,275336.90176840016,1640.436219999768,2.745420000000004,99692.02,0.0,0.0,0.0,0.0,-0.01919133279492069,4.131671369569434
2025-11-14,261340.69570000016,1640.436219999768,2.745420000000004,94594.0,0.0,0.0,0.0,0.0,-0.05083301939735241,3.8708130192992725
2025-11-15,264092.26544080017,1640.436219999768,2.745420000000004,95596.24,0.0,0.0,0.0,0.0,0.010528669227844345,3.922096198450152
2025-11-16,260427.67882480018,1640.436219999768,2.745420000000004,94261.44,0.0,0.0,0.0,0.0,-0.013876160325571707,3.853796402462571
2025-11-17,254809.72587880015,1640.436219999768,2.745420000000004,92215.14,0.0,0.0,0.0,0.0,-0.02157202710307704,3.74909017491583
2025-11-18,256856.95811860016,1640.436219999768,2.745420000000004,92960.83,0.0,0.0,0.0,0.0,0.008034356744976767,3.7872460595951676
2025-11-19,252997.25450320018,1640.436219999768,2.745420000000004,91554.96,0.0,0.0,0.0,0.0,-0.01502666559501109,3.715309713936597
2025-11-20,239496.02020660014,1640.436219999768,2.745420000000004,86637.23,0.0,0.0,0.0,0.0,-0.05336514154318328,3.463676543632423
2025-11-21,235356.4759306001,1640.436219999768,2.745420000000004,85129.43,0.0,0.0,0.0,0.0,-0.01728439692830419,3.386524586492719
2025-11-22,234286.61321080013,1640.436219999768,2.745420000000004,84739.74,0.0,0.0,0.0,0.0,-0.0045457118423010145,3.3665847097333543
2025-11-23,240025.25482000015,1640.436219999768,2.745420000000004,86830.0,0.0,0.0,0.0,0.0,0.02449410800964813,3.473540307246842
2025-11-24,244061.04967420013,1640.436219999768,2.745420000000004,88300.01,0.0,0.0,0.0,0.0,0.016814042577421695,3.5487586044447026
2025-11-25,248550.79041591016,1527.081409109769,2.8273300000000043,87369.96,0.0,0.0,0.0,0.0,0.01839597407166549,3.632437449790332
2025-11-26,268642.17977091006,1525.209169109769,2.952090000000003,90484.02,0.0,0.0,0.0,0.0,0.08083413986083143,4.006896546503238
2025-11-27,271151.24962461006,1525.209169109769,2.952090000000003,91333.95,0.0,0.0,0.0,0.0,0.009339820931469678,4.053660063669972
2025-11-28,269842.73573211004,1525.209169109769,2.952090000000003,90890.7,0.0,0.0,0.0,0.0,-0.004825771204490348,4.029272256457431
2025-11-29,269582.18426871,1525.209169109769,2.952090000000003,90802.44,0.0,0.0,0.0,0.0,-0.0009655678248781108,4.024416152984044
2025-11-30,268276.06156911,1525.209169109769,2.952090000000003,90360.0,0.0,0.0,0.0,0.0,-0.00484498893405394,4.000072912322754
2025-12-01,256249.27643001,1525.209169109769,2.952090000000003,86286.01,0.0,0.0,0.0,0.0,-0.04482988556174927,3.7759202158629215
2025-12-02,270985.7259383101,1525.209169109769,2.952090000000003,91277.88,0.0,0.0,0.0,0.0,0.05750825802751125,4.050575067955574
2025-12-03,277338.83026461006,1525.209169109769,2.952090000000003,93429.95,0.0,0.0,0.0,0.0,0.023444424256302998,4.168982892587031
2025-12-04,273347.92931451,1525.209169109769,2.952090000000003,92078.06,0.0,0.0,0.0,0.0,-0.01438998262988378,4.094601318548537
2025-12-05,265235.52695271,1525.209169109769,2.952090000000003,89330.04,0.0,0.0,0.0,0.0,-0.02967793603611324,3.943404066487155
2025-12-06,264960.24456021003,1525.209169109769,2.952090000000003,89236.79,0.0,0.0,0.0,0.0,-0.0010378790340143107,3.9382734110498867
2025-12-07,268380.29986701004,1525.209169109769,2.952090000000003,90395.31,0.0,0.0,0.0,0.0,0.012907805518056925,4.002015683834711
2025-12-08,269085.93793971004,1525.209169109769,2.952090000000003,90634.34,0.0,0.0,0.0,0.0,0.0026292469046709233,4.015167218088549
2025-12-09,275121.3678611101,1525.209169109769,2.952090000000003,92678.8,0.0,0.0,0.0,0.0,0.022429376903196907,4.127654293855614
2025-12-10,273162.86279241,1525.209169109769,2.952090000000003,92015.37,0.0,0.0,0.0,0.0,-0.007118694865201336,4.091152087563417
2025-12-11,274633.0331333101,1525.209169109769,2.952090000000003,92513.38,0.0,0.0,0.0,0.0,0.005382028603270861,4.118552813722284
2025-12-12,268005.70916691003,1525.209169109769,2.952090000000003,90268.42,0.0,0.0,0.0,0.0,-0.02413156163622554,3.9950341410096697
2025-12-13,267921.84029001003,1525.209169109769,2.952090000000003,90240.01,0.0,0.0,0.0,0.0,-0.0003129369040708596,3.993471010489854
2025-12-14,261817.39050441002,1525.209169109769,2.952090000000003,88172.17,0.0,0.0,0.0,0.0,-0.022784442578448583,3.8796975569842003
2025-12-15,256680.48821631004,1525.209169109769,2.952090000000003,86432.08,0.0,0.0,0.0,0.0,-0.019620172205533692,3.783957050605248
2025-12-16,260905.93271691003,1525.209169109769,2.952090000000003,87863.42,0.0,0.0,0.0,0.0,0.01646188430590456,3.862709998096728
2025-12-17,256122.95649891003,1525.209169109769,2.952090000000003,86243.22,0.0,0.0,0.0,0.0,-0.018332186501828773,3.773565891507311
2025-12-18,253977.34796601004,1525.209169109769,2.952090000000003,85516.41,0.0,0.0,0.0,0.0,-0.008377259743638454,3.733576490130781
2025-12-19,261713.38837371004,1525.209169109769,2.952090000000003,88136.94,0.0,0.0,0.0,0.0,0.030459568420784233,3.8777591871069355
2025-12-20,262374.53845011006,1525.209169109769,2.952090000000003,88360.9,0.0,0.0,0.0,0.0,0.0025262371195773348,3.890081563425764
2025-12-21,263254.1431865101,1525.209169109769,2.952090000000003,88658.86,0.0,0.0,0.0,0.0,0.003352477498754114,3.9064754518342215
2025-12-22,263141.75712021004,1525.209169109769,2.952090000000003,88620.79,0.0,0.0,0.0,0.0,-0.00042691091178914675,3.9043808239254076
2025-12-23,259791.75490911005,1525.209169109769,2.952090000000003,87486.0,0.0,0.0,0.0,0.0,-0.012730789091636274,3.8419441860309473
